rank,game,watch_time_hours,stream_time_hours,peak_viewers,peak_channels,streamers,avg_viewers
1,,Just Chatting,"2,967,087,851","37,232,760","1,589,565","8,739","2,150,711"
2,,League of Legends,"1,022,005,032","16,236,214","1,699,032","4,301","575,671"
3,,Grand Theft Auto V,"872,332,438","22,373,586","425,667","5,264","1,206,822"
4,,Counter-Strike,"770,272,493","13,180,578","1,299,442","3,847","758,691"
5,,VALORANT,"600,061,371","25,399,487","748,396","7,419","1,115,025"
6,,Dota 2,"488,772,887","8,189,119","1,236,185","2,263","266,828"
7,,Fortnite,"456,363,036","45,231,542","1,033,424","43,972","3,829,348"
8,,Minecraft,"399,870,407","19,180,911","994,469","4,665","1,939,575"
9,,World of Warcraft,"364,848,847","8,275,904","472,728","3,937","180,701"
10,,IRL,"331,742,321","3,324,191","465,860",821,"304,016"
11,,Marvel Rivals,"307,070,951","16,428,088","503,740","12,141","959,102"
12,,Escape from Tarkov,"275,354,414","4,793,318","383,524","3,590","109,330"
13,,Call of Duty: Warzone,"252,614,981","20,114,094","355,202","11,227","1,229,341"
14,,Dead by Daylight,"201,361,143","13,972,782","143,650","5,042","551,232"
15,,Apex Legends,"183,188,392","14,778,070","318,774","5,083","643,542"
16,,Special Events,"178,902,971","922,235","1,522,436","4,248","69,142"
17,,Overwatch,"173,218,270","8,004,758","289,570","3,005","432,364"
18,,Teamfight Tactics,"167,034,627","2,105,944","143,580","1,061","119,068"
19,,ARC Raiders,"164,834,088","5,785,305","374,703","7,205","383,111"
20,,Rust,"152,999,222","2,844,193","275,076","1,309","159,159"
21,,Rainbow Six Siege,"139,473,747","10,093,984","596,891","5,025","996,557"
22,,EA Sports FC 25,"128,951,222","4,916,376","399,293","3,723","590,628"
23,,Hearthstone,"114,023,822","978,190","97,244",381,"43,761"
24,,World of Tanks,"111,600,365","1,369,341","135,588",546,"50,726"
25,,Virtual Casino,"109,532,823","290,979","125,516",167,"12,510"
26,,Path of Exile 2,"108,167,167","2,469,930","448,904","4,365","90,437"
27,,Street Fighter 6,"104,216,192","1,620,298","180,515",813,"68,038"
28,,PUBG: BATTLEGROUNDS,"98,046,021","4,945,996","145,234","1,302","241,210"
29,,ASMR,"95,809,905","1,265,146","54,035",330,"18,282"
30,,Sports,"92,822,763","1,225,266","188,715",715,"68,636"
31,,Rocket League,"92,211,732","5,827,107","311,143","1,537","853,129"
32,,Slots,"85,778,530","685,305","92,969",279,"23,749"
33,,Art,"82,153,303","5,068,356","33,465","1,166","175,538"
34,,EA Sports FC 26,"80,616,231","2,469,451","447,996","4,667","269,489"
35,,Kings League,"79,646,017","45,822","695,935",178,"3,408"
36,,Battlefield 6,"78,881,927","4,233,050","873,608","17,888","520,356"
37,,Music,"78,520,903","4,577,707","358,116",982,"185,655"
38,,DJs,"77,157,907","1,926,329","73,087",845,"27,493"
39,,Old School RuneScape,"74,577,445","1,405,307","113,510",545,"36,831"
40,,I'm Only Sleeping,"71,340,368","1,658,362","137,054",699,"39,739"
41,,Always On,"69,257,012","2,292,482","46,190",668,"4,676"
42,,Monster Hunter Wilds,"68,489,455","4,674,460","421,224","19,325","267,658"
43,,ELDEN RING,"68,073,674","3,594,851","107,986","1,144","300,098"
44,,Clash Royale,"65,280,896","578,199","194,910",222,"233,531"
45,,Path of Exile,"64,679,811","1,078,377","334,854","2,664","31,841"
46,,R.E.P.O.,"63,742,744","4,577,987","162,990","5,915","552,640"
47,,ROBLOX,"61,884,183","12,866,492","139,196","7,743","2,275,700"
48,,Call of Duty: Black Ops 6,"57,448,850","5,584,850","126,323","3,244","348,313"
49,,Retro,"55,467,597","2,105,570","56,459",545,"44,620"
50,,Clair Obscur: Expedition 33,"54,526,913","2,895,150","263,033","3,122","195,603"
51,,Destiny 2,"51,989,279","3,289,697","179,380","6,351","154,117"
52,,Arena Breakout: Infinite,"50,974,212","2,021,305","102,459",902,"72,242"
53,,Tibia,"50,693,425","2,237,440","37,538",634,"21,699"
54,,PEAK,"50,014,292","2,153,787","174,597","2,583","349,062"
55,,ELDEN RING NIGHTREIGN,"49,630,946","2,615,783","346,300","7,995","197,683"
56,,Albion Online,"49,453,381","931,321","74,262",257,"25,242"
57,,La Velada,"48,965,517","8,462","9,674,773",964,"2,911"
58,,Games + Demos,"47,498,876","5,047,777","98,271","2,794","780,294"
59,,Black Desert,"46,969,280","1,212,787","60,413",428,"24,021"
60,,Genshin Impact,"46,726,208","3,175,092","124,357","2,646","184,161"
61,,Delta Force,"46,720,930","2,170,551","114,283","1,144","156,773"
62,,DayZ,"45,211,484","2,402,517","220,245",636,"145,197"
63,,FINAL FANTASY XIV ONLINE,"44,904,914","2,948,683","91,093","2,513","70,665"
64,,Kingdom Come: Deliverance II,"44,418,426","1,093,692","467,823","3,238","59,942"
65,,Talk Shows & Podcasts,"41,099,134","1,999,816","56,362",565,"53,834"
66,,"Animals, Aquariums, and Zoos","41,012,187","2,371,404","41,092",456,"4,921"
67,,Red Dead Redemption II,"40,932,795","3,043,528","147,839",872,"265,541"
68,,Call of Duty: Black Ops 7,"40,873,152","2,025,536","378,525","6,132","141,227"
69,,Hunt: Showdown 1896,"40,362,585","1,941,985","83,290",968,"61,016"
70,,Schedule I,"39,038,776","1,599,625","225,134","3,441","225,272"
71,,Mario Kart World,"37,716,109","393,265","286,792","2,037","42,041"
72,,Crypto,"37,296,049","796,752","26,144",218,"14,616"
73,,Phasmophobia,"35,584,091","3,593,661","90,867","2,127","429,825"
74,,Chess,"33,987,745","464,128","78,596",150,"41,975"
75,,Dune: Awakening,"33,434,829","906,082","223,104","3,056","38,410"
76,,VRChat,"31,331,288","875,022","52,690",470,"55,196"
77,,Hollow Knight: Silksong,"31,330,081","2,176,745","362,702","12,885","159,820"
78,,Sea of Thieves,"29,526,293","1,739,851","93,678",883,"149,821"
79,,Megabonk,"29,044,434","445,118","130,472",745,"58,266"
80,,Call of Duty,"28,888,543","17,616,872","65,875","7,930","1,277,176"
81,,Project Zomboid,"28,693,976","887,716","51,612",313,"63,936"
82,,Streamer University,"27,899,210","94,846","733,955",937,"14,164"
83,,Star Citizen,"27,884,890","896,393","42,714",563,"21,837"
84,,Heroes of Might and Magic III: The Restoration of Erathia,"27,799,299","239,191","61,917",106,"4,252"
85,,Wuthering Waves,"27,711,746","1,440,884","90,105","1,199","84,342"
86,,Magic: The Gathering,"27,419,502","560,519","37,994",265,"30,394"
87,,Warframe,"26,509,606","2,120,929","438,182","1,819","125,293"
88,,NBA 2K25,"26,169,098","5,766,256","99,150","2,620","490,775"
89,,Dark and Darker,"26,155,073","686,002","105,192",376,"27,434"
90,,The Elder Scrolls IV: Oblivion Remastered,"26,009,516","993,421","462,703","5,288","117,684"
91,,Anime Squad,"25,928,934","591,175","32,085",472,"10,737"
92,,NBA 2K26,"25,880,079","4,642,756","85,906","14,592","354,730"
93,,Lost Ark,"25,051,146","638,068","25,784",407,"10,831"
94,,Deadlock,"24,693,936","900,274","45,385",415,"39,184"
95,,Among Us,"24,092,931","527,053","167,575",350,"165,576"
96,,Poker,"23,927,627","527,035","22,043",201,"15,829"
97,,Mobile Legends: Bang Bang,"23,678,710","879,024","44,933",224,"112,682"
98,,Diablo IV,"23,532,451","1,345,430","88,868","1,305","96,687"
99,,Warcraft III,"22,799,560","248,457","117,191",108,"8,762"
100,,Honkai: Star Rail,"22,795,046","1,332,139","77,191","1,496","79,047"
101,,GeoGuessr,"22,337,184","285,157","327,904",186,"45,074"
102,,Battlefield REDSEC,"21,108,633","727,147","454,676","3,852","89,793"
103,,Marbles on Stream,"20,296,087","653,013","44,734",263,"25,041"
104,,7 Days to Die,"20,012,261","1,455,000","171,697",489,"69,178"
105,,TEKKEN 8,"20,002,260","880,259","131,394",369,"44,277"
106,,Trackmania,"19,739,571","253,185","92,253",161,"17,893"
107,,Baldur's Gate 3,"19,649,799","1,730,379","25,272",640,"120,718"
108,,Pokémon Legends: Z-A,"19,584,237","997,809","170,985","4,705","50,552"
109,,Shadowverse: Worlds Beyond,"19,378,988","308,342","72,439",775,"16,534"
110,,War Thunder,"19,248,306","1,433,062","71,858",426,"110,107"
111,,Brawl Stars,"18,664,193","844,042","117,160",403,"243,504"
112,,Assassin's Creed Shadows,"18,635,913","1,255,182","331,693","5,001","107,931"
113,,Pokémon Scarlet/Violet,"18,445,027","784,835","60,108",604,"34,831"
114,,Age of Empires II,"18,219,839","309,289","72,819",107,"15,203"
115,,Where Winds Meet,"18,117,952","875,198","128,105","3,328","98,488"
116,,Pokémon Community Game,"17,878,009","469,388","124,902",121,"4,987"
117,,World of Warships,"17,858,056","408,771","19,587",126,"12,438"
118,,RimWorld,"17,625,401","435,573","59,696",352,"17,428"
119,,"Pools, Hot Tubs, and Beaches","17,540,965","286,878","73,532",140,"15,550"
120,,The Sims 4,"17,431,312","914,779","32,820",439,"91,075"
121,,Pokémon FireRed/LeafGreen,"17,419,669","281,705","33,289",120,"20,375"
122,,ZEVENT,"17,218,965","9,592","751,200",279,511
123,,Garry's Mod,"16,904,706","253,983","36,021",145,"25,803"
124,,REMATCH,"16,895,675","722,606","166,174","1,894","129,609"
125,,Borderlands 4,"16,482,100","828,611","246,401","4,757","66,270"
126,,ARK: Survival Ascended,"16,331,215","1,071,317","236,646",392,"52,737"
127,,Zenless Zone Zero,"16,312,031","1,199,817","173,518","1,368","85,601"
128,,Software and Game Development,"15,848,035","1,035,031","34,286",257,"39,534"
129,,MapleStory Worlds,"15,817,570","363,293","34,580",703,"5,958"
130,,MapleStory,"15,720,989","437,246","15,063",153,"8,259"
131,,iRacing,"15,346,977","983,688","35,242","2,249","27,783"
132,,SILENT HILL ƒ,"14,841,901","670,574","173,951","2,785","66,766"
133,,Hollow Knight,"14,749,327","1,375,751","66,858","1,694","165,306"
134,,Metin2,"14,716,642","285,103","18,838",140,"11,590"
135,,Split Fiction,"14,648,353","712,548","150,592","1,784","99,775"
136,,Throne and Liberty,"14,446,013","604,274","57,958",787,"25,726"
137,,Once Human,"14,392,091","982,429","18,171",326,"48,583"
138,,DARK SOULS III,"14,379,454","655,562","98,917",195,"67,162"
139,,StarCraft II,"14,147,152","289,577","42,453",98,"10,552"
140,,Halo Infinite,"13,884,428","680,228","75,350",281,"54,234"
141,,Blue Prince,"13,862,512","331,874","61,156",400,"29,389"
142,,Palia,"13,797,566","678,895","20,418",534,"42,101"
143,,Co-working & Studying,"13,750,987","1,011,442","7,735",315,"32,556"
144,,Farming Simulator 25,"13,736,636","966,472","66,849",362,"55,713"
145,,Cyberpunk 2077,"13,533,417","1,394,242","47,041",525,"154,292"
146,,SMITE 2,"13,426,045","598,428","41,994",270,"34,739"
147,,Lies of P,"13,317,252","862,526","87,442",929,"79,255"
148,,The First Berserker: Khazan,"13,230,253","563,064","135,788","1,186","39,520"
149,,Last Epoch,"12,936,608","240,059","188,950","1,595","12,709"
150,,RV There Yet?,"12,888,444","327,696","96,648","1,153","80,522"
151,,Food & Drink,"12,826,377","292,568","38,535",108,"19,968"
152,,DARK SOULS II: Scholar of the First Sin,"12,783,007","351,889","31,220",117,"26,329"
153,,Dark Souls: Remastered,"12,614,951","593,488","40,835",176,"58,250"
154,,Rise Online,"12,586,770","143,182","15,236",62,"1,273"
155,,Guild Wars 2,"12,275,405","475,096","48,598",399,"15,512"
156,,Super Mario Maker 2,"12,262,684","131,139","76,006",62,"4,613"
157,,THE FINALS,"12,212,468","1,226,810","27,910",519,"118,247"
158,,Madden NFL 26,"12,175,723","1,944,524","47,758","2,058","174,166"
159,,Death Stranding 2: On the Beach,"12,151,576","520,542","144,579","1,522","31,892"
160,,Stardew Valley,"12,051,208","1,225,368","37,314",309,"120,961"
161,,Yu-Gi-Oh! Master Duel,"12,038,633","483,757","17,235",159,"38,892"
162,,New World: Aeternum,"12,037,464","517,232","54,747",640,"26,657"
163,,Animal Crossing: New Horizons,"11,978,638","376,838","23,200",158,"19,978"
164,,Mir Tankov,"11,815,008","412,199","100,738",238,"16,862"
165,,PUBG MOBILE,"11,780,177","942,726","34,767",306,"164,070"
166,,Super Smash Bros. Ultimate,"11,757,370","517,044","53,949",204,"27,446"
167,,The Bazaar,"11,747,999","152,606","19,302",98,"6,498"
168,,Super Mario 64,"11,710,608","284,287","80,506",192,"18,588"
169,,HELLDIVERS 2,"11,512,719","1,824,040","49,670","2,853","211,433"
170,,Fall Guys,"11,400,718","609,726","100,715",235,"154,790"
171,,Euro Truck Simulator 2,"11,389,619","979,213","55,254",414,"86,895"
172,,Grand Theft Auto: San Andreas,"11,327,778","343,979","127,458",100,"48,446"
173,,MLB The Show 25,"11,263,805","633,500","33,593","1,382","58,258"
174,,Dofus,"11,225,535","296,278","38,625",203,"9,859"
175,,Dispatch,"11,065,582","347,652","104,215","2,641","59,588"
176,,Off The Grid,"11,005,396","235,905","23,941",105,"27,838"
177,,Tom Clancy's The Division 2,"10,882,042","1,084,540","46,837",927,"65,984"
178,,FragPunk,"10,855,031","733,194","293,051","1,522","124,977"
179,,Valheim,"10,789,624","780,662","126,561",257,"44,788"
180,,Umamusume: Pretty Derby,"10,556,969","320,752","82,280",657,"35,278"
181,,F1 25,"10,395,123","542,120","149,091",736,"49,043"
182,,The Binding of Isaac: Repentance,"10,394,938","390,247","22,696",141,"38,386"
183,,The Isle,"10,381,232","236,167","47,294",127,"12,787"
184,,DOOM: The Dark Ages,"10,341,952","474,910","163,989","3,448","83,048"
185,,MARVEL SNAP,"9,663,649","124,043","21,595",80,"6,787"
186,,"No, I'm Not A Human","9,585,234","142,834","124,638",436,"39,916"
187,,Mecha BREAK,"9,560,693","290,755","145,702","1,010","32,938"
188,,Stalzone,"9,505,759","352,019","108,878",169,"16,036"
189,,Enshrouded,"9,451,231","447,831","41,684",416,"28,673"
190,,Pokémon Trading Card Game,"9,445,646","260,995","89,853",133,"19,017"
191,,The Legend of Zelda: Ocarina of Time,"9,402,802","354,708","95,918",125,"17,387"
192,,The Elder Scrolls Online,"9,316,357","677,627","54,526",216,"30,163"
193,,EA Sports College Football 26,"9,294,959","2,153,036","45,863","3,868","186,116"
194,,Dying Light: The Beast,"9,188,869","454,257","302,972","3,204","53,474"
195,,Balatro,"9,080,357","416,595","58,736",209,"86,104"
196,,Politics,"9,021,113","196,285","155,854",158,"5,292"
197,,EVE Online,"8,952,496","186,271","20,432",63,"3,815"
198,,League of Legends: Wild Rift,"8,862,617","482,293","7,051",126,"49,184"
199,,No Man's Sky,"8,826,703","695,437","48,450",649,"70,190"
200,,Slay the Spire,"8,715,023","161,145","27,691",60,"19,052"
201,,The Simpsons: Hit & Run,"8,630,651","83,755","13,872",73,"5,429"
202,,SCUM,"8,624,370","409,400","64,566",457,"13,283"
203,,The Witcher 3: Wild Hunt,"8,615,039","620,212","38,286",257,"51,342"
204,,Age of Empires IV,"8,594,272","177,883","38,865",104,"10,498"
205,,Half Sword,"8,507,200","64,030","80,668",73,"26,228"
206,,Madden NFL 25,"8,408,286","2,033,152","53,039","1,534","238,753"
207,,Palworld,"8,314,165","970,212","20,493",556,"88,759"
208,,Dungeons & Dragons,"8,291,838","517,647","40,296",264,"17,302"
209,,osu!,"8,278,971","1,030,031","26,100",379,"70,064"
210,,Ghost of Yōtei,"8,226,230","781,217","109,825","2,748","71,592"
211,,Eternal Return,"7,974,218","190,479","20,414",111,"5,231"
212,,Tournament Poker,"7,971,465","131,041","24,869",107,"1,691"
213,,Makers & Crafting,"7,954,511","678,437","10,258",166,"23,381"
214,,Lethal Company,"7,878,240","557,125","55,104",521,"114,922"
215,,Waterpark Simulator,"7,839,360","123,387","80,471",227,"17,952"
216,,Knight Online,"7,733,019","204,583","19,747",96,"3,397"
217,,Donkey Kong Bananza,"7,722,336","206,312","123,637","1,348","16,806"
218,,Pokémon UNITE,"7,713,034","434,452","104,420",142,"19,126"
219,,Ragnarok Online,"7,653,398","342,292","15,920",307,"7,244"
220,,Super Mario World,"7,634,807","168,474","75,002",111,"8,451"
221,,Shakes and Fidget,"7,579,735","23,766","9,320",23,892
222,,Pokémon Trading Card Game Pocket,"7,565,440","233,100","117,106",392,"37,529"
223,,Baller League,"7,496,830","1,695","138,302",35,310
224,,Pokémon HeartGold/SoulSilver,"7,462,551","137,301","20,303",56,"10,066"
225,,inZOI,"7,449,525","130,416","174,757","1,196","26,340"
226,,The Game Awards,"7,426,720","54,912","1,806,913","13,461","16,789"
227,,Baby Steps,"7,409,391","48,750","86,209",169,"10,170"
228,,SEKIRO: SHADOWS DIE TWICE,"7,386,482","443,227","60,638",170,"53,759"
229,,Geometry Dash,"7,358,878","585,729","55,169",240,"112,111"
230,,Terraria,"7,324,988","716,654","19,413",196,"92,721"
231,,Heroes of the Storm,"7,307,081","258,373","37,468",80,"8,157"
232,,Super Mario Party Jamboree,"7,189,787","92,622","63,802",109,"12,343"
233,,WUCHANG: Fallen Feathers,"7,158,294","377,495","106,589","1,694","37,765"
234,,Casino Simulator 2024,"7,136,547","31,537","10,430",21,"9,665"
235,,Standoff 2,"7,120,902","403,451","37,901",168,"108,168"
236,,Casino Simulator,"7,030,742","15,506","21,376",17,"3,045"
237,,Sid Meier's Civilization VII,"7,021,148","103,306","66,731",425,"9,797"
238,,Escape from Tarkov: Arena,"6,973,552","215,502","58,117",247,"16,770"
239,,Kingdom Come: Deliverance,"6,933,222","316,166","27,396",305,"25,559"
240,,The Last of Us Part II Remastered,"6,930,554","436,909","26,152",416,"51,321"
241,,Monster Hunter: World,"6,908,019","519,630","37,750",683,"43,524"
242,,Blue Protocol: Star Resonance,"6,866,728","263,411","128,057","1,689","21,289"
243,,Science & Technology,"6,751,395","464,662","34,086",103,"7,407"
244,,Avowed,"6,727,105","357,172","230,564","2,608","48,133"
245,,Arma Reforger,"6,685,111","817,461","27,075",301,"59,781"
246,,2XKO,"6,678,352","141,791","57,597",731,"24,790"
247,,Jackbox Party Packs,"6,556,831","199,462","82,001",243,"31,903"
248,,Subnautica,"6,513,612","400,669","47,453",156,"62,497"
249,,Bloodborne,"6,497,689","368,293","50,041",200,"48,345"
250,,SPLITGATE: Arena Reloaded,"6,489,004","301,000","136,646","1,182","82,505"
251,,Hades II,"6,413,964","269,760","76,496","1,142","25,274"
252,,Factorio,"6,392,572","264,743","24,041",106,"12,384"
253,,Poppy Playtime,"6,373,361","155,236","237,412","1,355","54,693"
254,,Words On Stream,"6,319,650","327,359","6,141",102,"10,644"
255,,Torchlight: Infinite,"6,301,224","126,309","32,095",241,"3,323"
256,,Cloverpit,"6,265,226","107,776","89,402",215,"31,551"
257,,Ashes of Creation,"6,246,416","135,398","86,201",412,"5,426"
258,,Grounded 2,"6,216,697","308,038","170,281","3,094","42,413"
259,,Vintage Story,"6,167,143","220,724","16,475",79,"10,671"
260,,MU Online,"6,107,547","348,867","8,066",97,"3,834"
261,,Mario Kart 8 Deluxe,"6,050,972","238,528","75,272",255,"32,768"
262,,Resident Evil 4,"6,025,598","532,123","57,382",207,"71,316"
263,,MIR 4,"5,925,191","153,318","6,471",88,"2,542"
264,,Detroit: Become Human,"5,914,084","277,294","46,290",117,"52,511"
265,,Satisfactory,"5,898,113","557,172","11,150",170,"35,549"
266,,Lineage II,"5,893,668","334,523","6,386",105,"6,538"
267,,Mafia: The Old Country,"5,866,887","190,436","122,284","1,804","29,137"
268,,The First Descendant,"5,740,766","645,469","17,272",474,"38,588"
269,,Perfect World,"5,715,116","245,121","12,581",107,"2,491"
270,,Abiotic Factor,"5,714,255","282,709","28,844",391,"27,380"
271,,Pokémon Emerald Version,"5,653,663","222,607","25,754",86,"18,744"
272,,Pokémon GO,"5,617,923","124,098","55,786",60,"16,040"
273,,Escape from Duckov,"5,574,989","168,460","35,069",586,"16,204"
274,,The Headliners,"5,569,967","142,051","60,906",231,"37,748"
275,,Drive Beyond Horizons,"5,487,924","129,984","74,233",173,"24,008"
276,,Anno 117: Pax Romana,"5,477,701","69,374","64,242",656,"7,020"
277,,The Elder Scrolls V: Skyrim,"5,417,242","623,429","74,444",200,"73,946"
278,,Super Smash Bros. Melee,"5,411,289","137,625","74,491",57,"6,488"
279,,Backpack Battles,"5,404,391","57,170","25,964",63,"4,469"
280,,EA Sports College Football 25,"5,398,827","1,723,066","33,150","1,845","231,139"
281,,Hogwarts Legacy,"5,380,452","1,063,014","36,452",609,"157,656"
282,,MiSide,"5,359,033","168,066","55,999",303,"42,837"
283,,Mount & Blade II: Bannerlord,"5,337,460","211,020","28,402",192,"17,351"
284,,Fallout 76,"5,302,617","602,435","25,696",269,"43,509"
285,,Marathon,"5,300,407","44,698","522,854","1,597","6,725"
286,,Halo: The Master Chief Collection,"5,264,815","512,759","14,156",193,"59,440"
287,,Microsoft Flight Simulator 2024,"5,254,081","290,791","53,692",136,"19,074"
288,,Stream For Humanity,"5,202,161","1,982","361,250",44,267
289,,Aion 2,"5,181,466","108,065","81,953",705,"4,133"
290,,Tabletop RPGs,"5,123,581","210,526","85,013",107,"8,373"
291,,RavenQuest,"5,109,441","120,259","9,258",166,"1,557"
292,,The Outlast Trials,"5,095,028","698,696","34,304",628,"130,980"
293,,Black Russia,"5,077,714","48,918","15,415",56,"13,905"
294,,Mir Korabley,"5,065,629","80,086","17,415",34,"1,238"
295,,FELLOWSHIP,"5,038,622","119,324","45,885",430,"9,374"
296,,Streamer Life Simulator 2,"5,000,905","42,014","115,092",141,"12,477"
297,,NARAKA: BLADEPOINT,"4,975,274","368,036","23,148",118,"21,941"
298,,HITMAN World of Assassination,"4,893,634","151,569","30,085",68,"19,171"
299,,Gartic Phone,"4,891,201","217,267","96,202",97,"51,298"
300,,Voices of the Void,"4,812,478","145,545","18,867",88,"12,322"
301,,Total War: WARHAMMER III,"4,805,309","166,318","21,937",142,"8,212"
302,,Disney Dreamlight Valley,"4,797,416","436,834","20,069",453,"25,643"
303,,Resident Evil 2,"4,785,331","309,826","65,625",164,"60,162"
304,,Summer Game Fest,"4,766,047","18,129","1,360,810","5,207","6,771"
305,,Mechabellum,"4,648,792","64,702","16,051",38,"2,565"
306,,Little Nightmares III,"4,610,973","183,745","98,614","1,700","42,273"
307,,"Warhammer 40,000: Space Marine II","4,603,033","445,637","21,488",348,"61,745"
308,,Brawlhalla,"4,602,791","443,333","36,364",128,"90,921"
309,,Black Myth: Wukong,"4,590,420","558,878","11,228",336,"63,699"
310,,Predecessor,"4,576,580","388,952","5,933",142,"16,397"
311,,Forza Horizon 5,"4,571,204","984,654","38,547",623,"198,759"
312,,Mortal Kombat 1,"4,515,109","379,328","37,747",229,"73,444"
313,,Splatoon 3,"4,512,228","454,062","41,653",316,"17,208"
314,,RuneScape,"4,511,005","228,213","16,263",270,"8,535"
315,,Deltarune,"4,457,261","360,241","58,783","1,993","37,087"
316,,Grounded,"4,420,593","514,081","34,696",283,"65,294"
317,,Noita,"4,412,355","118,067","65,160",44,"10,454"
318,,eFootball,"4,375,255","700,069","34,516",215,"111,927"
319,,The Legend of Zelda: Tears of the Kingdom,"4,372,092","239,139","75,988",78,"14,045"
320,,Fatal Fury: City of the Wolves,"4,334,992","88,592","72,343",308,"9,023"
321,,DIGIMON STORY: TIME STRANGER,"4,281,604","341,727","45,007","1,298","21,550"
322,,Summoners War: Sky Arena,"4,226,834","85,779","11,983",46,"3,114"
323,,Sons of the Forest,"4,219,425","420,394","71,468",262,"62,211"
324,,BDJovemAprendiz,"4,214,028","42,621","67,973",234,"2,271"
325,,Diablo II: Resurrected,"4,210,789","221,996","7,140",182,"10,750"
326,,WWE 2K25,"4,209,253","657,306","59,849","1,088","65,348"
327,,RoadCraft,"4,206,231","199,671","59,828",780,"17,601"
328,,Free Fire,"4,195,082","528,139","74,166",214,"213,652"
329,,Diablo II,"4,189,031","96,769","29,058",260,"3,412"
330,,Football Manager 2024,"4,176,522","190,287","21,404",97,"10,255"
331,,GODDESS OF VICTORY: NIKKE,"4,153,730","139,953","37,501",163,"6,922"
332,,Gray Zone Warfare,"4,138,084","185,516","32,123",392,"10,831"
333,,ARK: Survival Evolved,"4,118,622","601,009","43,580",179,"58,606"
334,,Cronos: The New Dawn,"4,104,966","143,748","97,159",672,"15,913"
335,,Don't Starve Together,"4,081,898","224,321","12,068",71,"25,436"
336,,Epic Seven,"4,076,175","65,568","12,289",62,"2,074"
337,,Death Stranding: Director's Cut,"4,067,566","222,977","18,803",156,"19,929"
338,,Chained Together,"4,026,795","130,405","69,298",71,"50,225"
339,,Party Animals,"3,964,069","185,409","29,234",149,"37,722"
340,,Russian Fishing 4,"3,921,677","299,693","18,958",117,"8,476"
341,,Miniatures & Models,"3,920,993","243,175","12,654",70,"6,734"
342,,Silent Hill 2,"3,897,878","300,551","78,772",197,"41,745"
343,,Fallout 4,"3,865,983","649,366","8,290",203,"63,541"
344,,Resident Evil Village,"3,857,586","380,672","16,484",168,"62,462"
345,,UNDERTALE,"3,831,039","245,372","97,095",138,"51,780"
346,,Carry The Glass,"3,812,721","39,526","137,527",64,"17,527"
347,,The Last of Us Part I,"3,807,988","349,442","25,143",214,"65,705"
348,,FINAL FANTASY VII REBIRTH,"3,800,600","371,592","117,293",552,"19,743"
349,,God of War Ragnarök,"3,772,712","731,769","11,661",355,"101,888"
350,,Fast Food Simulator,"3,771,023","108,340","72,074",105,"28,179"
351,,INAZUMA ELEVEN: Victory Road,"3,768,270","146,955","69,420","1,176","11,487"
352,,Ghosts of Tabor,"3,747,052","195,063","8,355",97,"10,188"
353,,Streamer Games,"3,708,819","1,294","290,851",84,339
354,,Date Everything!,"3,678,696","184,780","25,316",563,"21,750"
355,,The Last of Us Part II,"3,663,781","284,637","37,364",303,"44,935"
356,,Chaos Zero Nightmare,"3,644,939","78,477","15,710",346,"4,798"
357,,Raft,"3,636,240","329,548","21,597",126,"56,651"
358,,Le Mans Ultimate,"3,633,467","238,506","6,943",546,"10,583"
359,,RuneScape: Dragonwilds,"3,633,149","103,003","109,802",686,"15,943"
360,,The Elder Scrolls V: Skyrim - Special Edition,"3,623,251","372,840","10,902",164,"28,528"
361,,Schoolboy Runaway,"3,605,521","21,136","77,278",56,"9,408"
362,,R2 Online: Reign of Revolution,"3,596,622","217,909","2,904",97,"1,535"
363,,Pokémon Platinum Version,"3,586,877","81,056","23,667",36,"7,367"
364,,V Rising,"3,568,508","283,895","20,510",560,"23,144"
365,,Etheria: Restart,"3,566,078","68,092","21,033",352,"4,264"
366,,American Truck Simulator,"3,540,197","390,988","29,709",148,"32,006"
367,,Stellar Blade,"3,539,889","305,495","62,368",614,"28,253"
368,,Golf With Your Friends,"3,538,646","122,217","43,230",106,"39,644"
369,,FANTASY LIFE i: The Girl Who Steals Time,"3,534,437","184,419","27,564",572,"13,951"
370,,Fallout: New Vegas,"3,530,244","245,466","80,631",111,"27,288"
371,,Cult of the Lamb,"3,525,984","305,578","12,697",104,"44,150"
372,,Sonic Racing: CrossWorlds,"3,525,076","199,147","67,519",836,"28,215"
373,,Hearts of Iron IV,"3,517,972","108,288","21,094",62,"9,636"
374,,BALL x PIT,"3,507,951","76,579","66,118",209,"15,101"
375,,It Takes Two,"3,503,782","340,196","112,033",215,"76,420"
376,,Five Nights at Freddy's: Secret of the Mimic,"3,500,299","104,912","97,636","1,265","21,164"
377,,Mahjong Soul,"3,497,859","156,629","30,668",140,"13,953"
378,,Tainted Grail: The Fall of Avalon,"3,495,828","102,126","59,036",257,"9,472"
379,,RESIDENT EVIL 7 biohazard,"3,489,223","277,602","49,156",148,"55,466"
380,,Egging On,"3,481,207","21,379","69,913",51,"8,147"
381,,The Legend of Zelda: Majora's Mask,"3,472,026","116,688","58,721",46,"6,370"
382,,Wildgate,"3,432,048","57,864","67,309",243,"8,488"
383,,Ready or Not,"3,409,243","505,317","111,176","1,025","125,845"
384,,The Alters,"3,388,270","108,081","83,179",511,"14,455"
385,,FINAL FANTASY VII,"3,372,096","128,207","5,569",52,"7,672"
386,,Kingdom Hearts HD 1.5 + 2.5 ReMIX,"3,361,789","309,409","7,225",100,"19,628"
387,,The Legend of Zelda: Breath of the Wild,"3,361,612","200,512","77,868",71,"14,617"
388,,Battlefield 2042,"3,348,390","537,224","26,048",626,"90,071"
389,,Strinova,"3,347,566","285,505","85,274",162,"18,379"
390,,Grand Theft Auto IV,"3,347,219","230,059","19,769",76,"33,447"
391,,FINAL FANTASY X,"3,343,439","142,762","38,589",49,"7,182"
392,,Left 4 Dead 2,"3,342,946","398,235","15,141",181,"77,100"
393,,Pokémon,"3,325,210","81,718","32,481",274,"12,187"
394,,Super Metroid,"3,317,453","88,236","77,036",53,"3,417"
395,,GUILTY GEAR -STRIVE-,"3,307,423","165,716","56,559",186,"16,937"
396,,Warborne: Above Ashes,"3,301,842","59,809","188,309",199,"2,788"
397,,Elite: Dangerous,"3,260,246","235,240","7,995",96,"9,729"
398,,South Park,"3,242,828","26,910","5,776",39,"1,322"
399,,Cuphead,"3,242,228","191,965","54,621",71,"58,736"
400,,Crusader Kings III,"3,198,506","105,265","48,914",102,"9,479"
401,,Legend of YMIR,"3,193,910","90,928","22,365",245,"2,412"
402,,El Chavo,"3,191,970","42,366","4,504",59,494
403,,ZLAN,"3,189,362","1,881","185,310",145,165
404,,Darts,"3,168,415","73,586","106,329",58,"4,557"
405,,Persona 5 Royal,"3,152,779","246,953","20,572",74,"15,904"
406,,Infinity Nikki,"3,150,114","264,995","20,172",293,"25,849"
407,,LOCKDOWN Protocol,"3,116,905","124,604","40,616",173,"28,474"
408,,"Warhammer 40,000: Darktide","3,111,154","263,962","18,488",367,"24,385"
409,,Fitness & Health,"3,110,320","129,683","35,235",46,"7,359"
410,,60 Seconds! Reatomized,"3,109,406","17,186","75,417",18,"8,807"
411,,Sid Meier's Civilization VI,"3,105,057","141,096","16,767",80,"15,518"
412,,Pummel Party,"3,103,366","84,908","60,654",84,"24,311"
413,,Metal Gear Solid Delta: Snake Eater,"3,054,242","48,925","113,816","1,276","9,267"
414,,The Streamer Awards,"3,038,404","11,786","600,166",765,"2,359"
415,,F1 24,"3,006,190","484,485","23,010",770,"66,219"
416,,Indiana Jones and the Great Circle,"3,001,797","239,959","47,882",332,"34,817"
417,,Like a Dragon: Pirate Yakuza in Hawaii,"2,997,892","144,607","65,175",755,"9,730"
418,,DYNASTY WARRIORS: ORIGINS,"2,995,189","171,735","42,034",498,"13,462"
419,,Football Manager 26,"2,990,882","78,134","37,949",457,"5,155"
420,,MARVEL Strike Force,"2,985,676","56,161","7,766",25,"5,794"
421,,SUPERVIVE,"2,975,964","138,094","81,023",184,"13,574"
422,,Brotato,"2,965,163","66,844","23,067",42,"15,986"
423,,Two Point Museum,"2,960,849","65,021","32,568",181,"5,684"
424,,Active Matter,"2,956,441","59,556","46,935",177,"3,680"
425,,The Legend of Zelda: A Link to the Past,"2,950,017","159,518","63,286",82,"5,829"
426,,Super Mario Odyssey,"2,895,521","114,597","48,354",60,"8,886"
427,,Celeste,"2,877,988","203,467","70,673",66,"22,906"
428,,Alien: Isolation,"2,812,199","189,382","17,934",215,"30,806"
429,,Gran Turismo 7,"2,810,912","519,370","28,041",248,"55,109"
430,,Liar's Bar,"2,810,042","75,315","67,591",107,"37,752"
431,,God of War,"2,797,402","372,590","14,050",144,"59,437"
432,,PGA TOUR 2K25,"2,754,647","183,238","25,470",204,"17,844"
433,,Resident Evil 4,"2,748,499","178,310","18,628",169,"22,642"
434,,Europa Universalis V,"2,730,078","39,513","29,933",322,"1,903"
435,,Duet Night Abyss,"2,725,158","143,003","31,829","1,459","13,925"
436,,Outlast,"2,716,665","168,890","29,616",238,"58,674"
437,,MIMESIS,"2,703,678","80,328","65,590",149,"27,651"
438,,Supermarket Simulator,"2,703,200","209,729","61,300",247,"44,346"
439,,Darkest Dungeon,"2,697,226","68,076","22,909",33,"7,562"
440,,The Texas Chain Saw Massacre,"2,689,907","274,173","17,321",174,"38,622"
441,,Crystal of Atlan,"2,679,565","131,167","103,799",381,"13,089"
442,,Star Wars Battlefront II,"2,670,910","307,005","26,680",484,"75,692"
443,,Casino Jackpot,"2,662,936","6,663","9,354",13,723
444,,Get To Work,"2,643,137","27,780","32,349",79,"6,423"
445,,Fate Trigger,"2,611,603","71,979","73,545",257,"9,584"
446,,Mass Effect Legendary Edition,"2,609,720","279,807","5,688",124,"16,093"
447,,Ghost of Tsushima,"2,578,541","594,566","23,157",204,"96,822"
448,,Outer Wilds,"2,561,345","121,828","70,388",52,"13,426"
449,,Foxhole,"2,558,551","70,875","12,346",43,"2,675"
450,,Look Outside,"2,551,713","45,274","17,614",62,"5,200"
451,,MARVEL Contest of Champions,"2,529,670","26,317","44,820",61,"2,564"
452,,skate.,"2,526,485","356,967","57,675","1,149","120,495"
453,,Clash of Clans,"2,525,291","124,393","17,397",56,"23,576"
454,,Broken Arrow,"2,521,055","61,526","25,252",242,"3,373"
455,,Luto,"2,501,867","29,390","87,139",160,"7,113"
456,,Star Wars: The Old Republic,"2,497,201","174,686","15,950",107,"8,761"
457,,A Game About Digging A Hole,"2,463,235","44,733","67,551",96,"20,688"
458,,Pokémon Black/White Version 2,"2,449,442","39,684","24,488",24,"4,361"
459,,Borderlands 3,"2,437,677","330,679","14,175",169,"51,779"
460,,Raid: Shadow Legends,"2,437,011","122,368","6,555",46,"3,913"
461,,METAL GEAR SOLID Δ: SNAKE EATER,"2,423,825","144,776","40,500",638,"21,418"
462,,FINAL FANTASY TACTICS - The Ivalice Chronicles,"2,419,358","120,378","24,053",707,"7,833"
463,,Jinro Metropolis,"2,418,519","12,102","8,674",13,"1,068"
464,,DRAGON BALL GEKISHIN SQUADRA,"2,407,796","184,228","31,879",448,"21,183"
465,,Risk of Rain 2,"2,373,921","251,792","28,528",312,"51,002"
466,,My Hero Ultra Rumble,"2,362,559","449,809","2,837",183,"30,608"
467,,Mage Arena,"2,354,389","47,730","80,526",264,"29,014"
468,,Core Keeper,"2,352,999","143,996","23,485",69,"15,087"
469,,Call of Duty: Mobile,"2,344,818","683,064","31,765",204,"197,963"
470,,The Outer Worlds 2,"2,290,460","138,594","49,552",680,"16,047"
471,,PlateUp!,"2,289,702","127,219","56,336",105,"25,275"
472,,New Super Mario Bros. Wii,"2,270,028","13,207","101,803",17,"2,933"
473,,Call of Duty: Black Ops III,"2,255,767","541,447","45,787",164,"134,165"
474,,For Honor,"2,253,187","450,167","23,088",174,"67,495"
475,,StarCraft,"2,239,993","79,155","6,336",28,"2,387"
476,,Call of Duty: Modern Warfare III,"2,236,226","586,833","12,739",266,"65,918"
477,,Writing & Reading,"2,212,812","160,296","6,403",50,"7,168"
478,,Neighbors: Suburban Warfare,"2,208,506","13,311","81,485",80,"4,125"
479,,Crime Simulator,"2,195,851","46,320","67,274",55,"9,991"
480,,Fear & Hunger 2: Termina,"2,192,610","29,463","14,250",17,"3,601"
481,,Team Fortress 2,"2,188,723","249,129","12,928",100,"26,172"
482,,Lego & Brickbuilding,"2,184,359","114,242","11,980",70,"13,762"
483,,Assetto Corsa Competizione,"2,173,498","259,043","5,359",242,"24,316"
484,,Goose Goose Duck,"2,164,131","115,133","14,384",84,"24,411"
485,,The Long Drive,"2,159,863","24,112","46,346",24,"7,930"
486,,Among Us 3D: VR,"2,156,489","16,800","84,709",88,"6,844"
487,,XCOM 2,"2,153,478","86,777","10,720",35,"5,187"
488,,FINAL FANTASY IX,"2,150,790","96,544","56,847",46,"5,754"
489,,theHunter: Call of the Wild,"2,143,309","372,700","86,938",182,"61,064"
490,,South of Midnight,"2,115,892","149,209","66,555",934,"26,136"
491,,Chrono Odyssey,"2,111,461","37,007","90,848","1,359","8,479"
492,,Diablo III,"2,111,346","138,153","8,396",227,"9,442"
493,,Pokémon Black/White,"2,110,532","58,970","27,755",27,"6,100"
494,,Fishing Planet,"2,109,434","221,947","8,106",91,"18,354"
495,,The Last of Us,"2,100,616","169,354","16,654",75,"39,420"
496,,Crime Scene Cleaner,"2,092,139","178,036","16,665",226,"35,995"
497,,Monster Hunter Freedom Unite,"2,088,343","11,375","46,199",10,"1,074"
498,,ORDER 13,"2,088,306","24,989","70,488",78,"11,002"
499,,TrickShot Simulator,"2,077,666","5,309","60,133",15,"1,881"
500,,Hello Kitty Island Adventure,"2,074,105","107,181","120,841",404,"18,072"
501,,Storage Hunter Simulator,"2,069,935","28,048","18,010",50,"4,988"
502,,The Walking Dead,"2,059,628","157,773","24,833",77,"27,076"
503,,Artifact,"2,056,306","97,946","20,931",52,"1,583"
504,,Codenames,"2,054,836","31,962","55,092",41,"9,342"
505,,Days Gone,"2,051,912","255,292","17,766",85,"35,647"
506,,Gears of War: Reloaded,"2,050,249","224,914","24,932","1,796","41,065"
507,,The Long Dark,"2,048,739","143,689","32,587",65,"12,763"
508,,PowerWash Simulator,"2,039,718","175,441","15,952",77,"42,315"
509,,DRAGON QUEST XI S: Echoes of an Elusive Age,"2,038,482","55,542","18,757",28,"3,016"
510,,Metal Gear Solid V: The Phantom Pain,"2,037,581","97,411","17,038",51,"11,742"
511,,Pokémon X/Y,"2,033,607","46,356","55,158",29,"5,010"
512,,Hell Let Loose,"2,032,239","259,867","12,649",281,"46,993"
513,,LEGO Party!,"2,028,624","7,154","56,239",45,"2,413"
514,,Gothic II,"2,023,060","83,270","5,963",41,"2,225"
515,,Into the Dead: Our Darkest Days,"2,021,940","31,374","28,453",119,"5,222"
516,,Metal Gear Solid 3: Snake Eater,"2,014,628","49,927","57,679",752,"7,791"
517,,Darkest Dungeon II,"2,014,146","50,072","21,320",93,"4,621"
518,,Shine Post: Be Your Idol!,"2,012,879","4,759","51,379",11,311
519,,The Mortuary Assistant,"2,012,318","97,847","77,478",244,"32,088"
520,,Grand Theft Auto: Vice City,"1,982,431","47,908","71,185",69,"7,534"
521,,Demonologist,"1,972,992","107,226","59,461",208,"28,238"
522,,DOOM Eternal,"1,969,664","163,262","20,823",180,"35,648"
523,,Monster Train 2,"1,969,458","34,414","30,340",116,"3,652"
524,,S.T.A.L.K.E.R.: Anomaly,"1,962,611","86,774","8,876",43,"4,137"
525,,Borderlands 2,"1,951,268","211,045","7,374",107,"26,987"
526,,WAKFU,"1,950,863","71,296","12,801",220,"2,310"
527,,My Summer Car,"1,950,405","56,490","54,515",35,"8,637"
528,,Scrutinized,"1,948,030","5,117","79,792",14,"1,550"
529,,Escape the Backrooms,"1,939,401","138,967","23,435",264,"37,704"
530,,Europa Universalis IV,"1,938,333","43,724","3,969",29,"2,323"
531,,Dragon Ball Z: Dokkan Battle,"1,928,895","56,265","32,587",390,"9,636"
532,,Planet Crafter,"1,928,247","140,708","25,762",91,"10,442"
533,,Red Dead Redemption,"1,923,008","157,389","39,922",178,"32,624"
534,,They Are Billions,"1,919,403","33,351","9,084",17,"1,443"
535,,Atomfall,"1,917,024","107,752","35,204",969,"23,229"
536,,SnowRunner,"1,899,439","329,988","3,251",126,"31,498"
537,,Warhammer,"1,898,004","56,519","27,184",64,"3,004"
538,,Batman: Arkham Knight,"1,895,032","190,902","100,333",83,"43,814"
539,,House Flipper 2,"1,887,962","88,965","92,524",108,"16,075"
540,,Yu-Gi-Oh! Forbidden Memories,"1,887,828","42,164","14,556",32,"1,657"
541,,PowerWash Simulator 2,"1,873,029","92,404","27,804",474,"16,821"
542,,Coin Pusher World,"1,870,647","121,221","2,408",50,310
543,,The King is Watching,"1,867,430","16,479","30,779",53,"2,688"
544,,Assetto Corsa,"1,865,953","261,854","51,944",103,"41,453"
545,,Battlefield 1,"1,824,213","175,935","35,876",104,"42,636"
546,,Pokémon Omega Ruby/Alpha Sapphire,"1,823,487","47,415","71,150",26,"5,434"
547,,Metal Gear Solid,"1,815,980","45,236","53,667",35,"5,097"
548,,The Legend of Zelda: The Wind Waker,"1,812,576","71,373","66,133",44,"6,427"
549,,Beat Saber,"1,811,032","142,185","57,705",154,"16,642"
550,,Prison Escape Simulator: Dig Out,"1,805,901","12,337","45,378",34,"4,117"
551,,The Quarry,"1,804,751","123,855","13,201",137,"23,265"
552,,Dark Souls II,"1,796,343","34,343","7,743",391,"4,610"
553,,Resident Evil 5,"1,792,371","140,852","24,692",58,"23,385"
554,,NHL 25,"1,787,276","367,025","6,933",447,"35,492"
555,,Call of Duty: Black Ops II,"1,779,429","109,975","82,778",51,"23,319"
556,,Gwent: The Witcher Card Game,"1,772,870","37,158","2,122",23,"1,521"
557,,Kirby Air Riders,"1,767,053","54,635","36,270",506,"7,734"
558,,TV Station Manager,"1,760,309","502,458","7,140",131,587
559,,Hell is Us,"1,757,245","62,119","50,030",277,"9,464"
560,,Auto Chess,"1,756,178","40,983","3,468",20,"1,059"
561,,Mamon King,"1,755,811","4,497","76,852",83,725
562,,Waterpark Simulator,"1,751,256","27,428","46,637",57,"5,744"
563,,Yu-Gi-Oh! TRADING CARD GAME,"1,749,974","26,474","11,494",30,"2,338"
564,,Ninja Gaiden II Black,"1,741,945","97,215","74,664",464,"24,212"
565,,Who's at the Door?,"1,740,758","22,744","71,098",68,"13,853"
566,,Backrooms: Escape Together,"1,730,084","100,951","62,913",89,"37,387"
567,,The Sims 2,"1,723,964","41,059","27,130",107,"5,984"
568,,S.T.A.L.K.E.R. 2: Heart of Chornobyl,"1,718,223","279,545","9,058",241,"28,861"
569,,Cash Cleaner Simulator,"1,710,911","36,168","59,427",89,"5,399"
570,,A Way Out,"1,707,586","119,628","39,776",84,"41,762"
571,,Are You Smarter Than a 5th Grader?,"1,701,522","4,521","68,054",7,"2,030"
572,,Aloft,"1,693,560","55,787","31,643",230,"6,852"
573,,FINAL FANTASY XVI,"1,693,032","237,907","17,814",96,"21,285"
574,,Car Dealer Simulator,"1,681,546","28,001","33,502",59,"5,468"
575,,Persona 3 Reload,"1,671,990","152,759","18,180",85,"13,719"
576,,Eco,"1,662,921","33,387","7,030",47,"1,542"
577,,STORY OF SEASONS: Grand Bazaar,"1,662,013","71,138","12,340",156,"4,196"
578,,Dark Souls,"1,660,705","53,603","9,133",26,"7,603"
579,,Conan Exiles,"1,659,680","208,215","8,373",101,"11,963"
580,,Marvel's Spider-Man 2,"1,649,222","322,218","37,503",295,"70,911"
581,,Pokémon Red/Blue,"1,648,405","43,010","6,539",24,"3,099"
582,,Hades,"1,647,504","169,394","28,456",113,"28,387"
583,,Dream Con,"1,647,113","3,254","164,881",146,"1,074"
584,,Death Stranding,"1,642,963","123,672","6,073",89,"16,530"
585,,The Forest,"1,637,929","317,348","9,379",234,"83,301"
586,,Mystery Science Theater 3000,"1,635,009","9,922",883,6,49
587,,Jurassic World Evolution 3,"1,627,930","56,589","53,266",541,"7,360"
588,,Battle Brothers,"1,623,013","32,193","5,458",22,"1,196"
589,,ARKNIGHTS: ENDFIELD,"1,613,161","17,614","125,288",156,"1,410"
590,,Dragon Ball Legends,"1,609,755","54,764","27,700",119,"13,159"
591,,Titan Quest II,"1,605,517","27,073","101,390",275,"4,317"
592,,Zort,"1,597,504","35,108","46,880",61,"16,799"
593,,Casino,"1,597,062","9,292","25,245",9,"1,467"
594,,Batman: Arkham City,"1,591,316","36,248","116,517",26,"6,077"
595,,Clubhouse Games: 51 Worldwide Classics,"1,583,834","4,245","49,083",8,"1,051"
596,,Laundry Store Simulator,"1,579,783","12,431","62,217",18,"2,692"
597,,Metaphor: ReFantazio,"1,568,072","234,149","7,050",146,"14,857"
598,,ROUTINE,"1,567,959","31,467","34,487",200,"9,405"
599,,Game of Thrones: Kingsroad,"1,567,111","71,077","24,323",131,"8,336"
600,,Killing Floor III,"1,565,484","102,311","46,786",725,"20,246"
601,,Pushing It! Together: Sisyphus Co-Op,"1,565,028","7,330","106,296",34,"3,415"
602,,Heroes of Newerth,"1,558,401","50,380","7,384",23,"1,573"
603,,TORMENTED SOULS II,"1,549,076","41,063","33,067",170,"4,224"
604,,Horizon Forbidden West,"1,547,799","166,342","60,728",68,"14,472"
605,,Dave the Diver,"1,545,093","93,063","9,523",52,"12,185"
606,,Resident Evil 2,"1,544,955","99,595","6,204",104,"19,257"
607,,Kukoro: Stream Chat Games,"1,544,730","53,038","7,156",20,"5,508"
608,,Arena of Valor,"1,542,687","62,967","4,141",49,"7,375"
609,,Stoneshard,"1,540,887","36,985","8,613",29,"1,545"
610,,Resident Evil 2,"1,538,561","108,390","13,974",108,"19,152"
611,,Mafia: Definitive Edition,"1,530,704","87,619","40,460",58,"20,862"
612,,Board Games,"1,525,205","55,195","19,094",38,"3,651"
613,,Hero Siege,"1,522,909","47,418","6,714",85,"2,133"
614,,Little Nightmares II,"1,520,166","136,826","60,015",139,"40,845"
615,,KARMA: The Dark World,"1,518,301","21,092","31,233",93,"4,328"
616,,Fright Fest,"1,514,358","48,329","31,441","1,200","8,216"
617,,Mafia II: Definitive Edition,"1,510,839","91,694","43,739",43,"17,606"
618,,Resident Evil 4,"1,501,751","155,343","5,845",166,"28,734"
619,,Age of Mythology,"1,498,427","64,702","15,192",60,"4,772"
620,,Honor of Kings,"1,494,035","154,561","4,943",50,"15,823"
621,,Nine Sols,"1,487,572","122,061","7,715",65,"14,293"
622,,Vampire: The Masquerade - Bloodlines 2,"1,486,542","58,459","89,766",827,"6,857"
623,,Granblue Fantasy Versus: Rising,"1,484,449","78,064","29,772",65,"6,934"
624,,Batman: Arkham Asylum,"1,479,621","43,791","137,307",32,"9,003"
625,,Alliance of Valiant Arms,"1,476,053","8,216","41,575",17,447
626,,The Legend of Zelda: Twilight Princess,"1,469,055","74,964","4,235",35,"5,158"
627,,DRAGON BALL: Sparking! ZERO,"1,465,919","353,331","40,805",761,"83,092"
628,,Kiosk,"1,456,738","12,796","115,839",33,"7,168"
629,,Guilty as Sock!,"1,454,892","33,575","62,350",167,"15,520"
630,,FINAL FANTASY XI ONLINE,"1,454,155","107,331","2,759",40,"3,084"
631,,Little Nightmares,"1,452,978","107,323","61,562",139,"38,845"
632,,Sid Meier's Civilization V,"1,452,618","36,251","12,614",32,"2,350"
633,,Eldegarde,"1,452,576","46,136","59,006",124,"2,512"
634,,Resident Evil 4,"1,441,319","132,039","37,009",66,"24,248"
635,,DEVOUR,"1,439,768","77,124","43,676",244,"29,689"
636,,Amenti,"1,432,452","21,388","74,899",52,"14,498"
637,,Silent Hill 2,"1,432,061","109,156","10,407",141,"14,368"
638,,Ninja Gaiden 4,"1,430,458","129,415","64,611","1,134","21,738"
639,,Stocks and Bonds,"1,427,345","77,060","5,059",49,"1,004"
640,,Portal 2,"1,423,409","94,236","59,050",55,"25,668"
641,,Mouthwashing,"1,422,870","29,011","52,472",58,"11,756"
642,,Dinkum,"1,419,615","85,935","7,859",65,"7,269"
643,,Oxygen Not Included,"1,417,202","87,371","5,857",39,"5,903"
644,,Resident Evil,"1,416,677","86,725","39,972",49,"12,616"
645,,Medieval Dynasty,"1,416,650","139,522","5,966",77,"16,178"
646,,Dying Light,"1,412,990","267,101","10,739",111,"49,006"
647,,PokeMMO,"1,409,573","169,258","1,825",58,"10,303"
648,,Just Dance 2025 Edition,"1,408,633","21,343","36,125",19,"2,321"
649,,FINAL FANTASY VII REMAKE,"1,405,531","152,519","7,960",132,"15,136"
650,,Tomb Raider I•II•III Remastered,"1,405,243","90,881","3,910",57,"6,749"
651,,Clone Hero,"1,396,004","116,690","66,050",45,"12,208"
652,,Stronghold: Crusader - Definitive Edition,"1,386,810","22,255","23,348",98,"2,448"
653,,BUCKSHOT ROULETTE,"1,381,387","50,725","72,822",56,"34,529"
654,,Metal Gear Solid 2: Sons of Liberty,"1,380,699","27,885","9,267",30,"3,618"
655,,Super Mario Bros.,"1,376,112","18,064","72,231",42,"3,306"
656,,Emissary Zero,"1,371,050","24,650","40,289",50,"9,062"
657,,Rivals of Aether II,"1,368,859","50,782","27,965",56,"3,848"
658,,9 Kings,"1,367,602","16,887","30,325",53,"4,659"
659,,Cities: Skylines II,"1,364,532","61,630","93,135",41,"6,690"
660,,Among Us,"1,361,856","30,823","61,600",42,"15,086"
661,,TCG Card Shop Simulator,"1,353,855","125,005","15,866",73,"23,934"
662,,Arma 3,"1,351,922","192,776","5,161",147,"10,965"
663,,Out of the Park Baseball 26,"1,349,701","10,305","2,156",11,241
664,,Corepunk,"1,346,854","30,124","14,097",25,899
665,,Super Mario Bros. 3,"1,344,514","26,644","58,947",37,"3,358"
666,,Soulframe,"1,340,398","74,359","39,621",116,"11,379"
667,,Yakuza 0,"1,339,476","99,976","9,907",45,"9,482"
668,,Atomic Heart,"1,337,826","81,598","40,827",346,"12,094"
669,,Until Dawn,"1,337,680","69,654","16,597",49,"17,884"
670,,Kenshi,"1,336,940","74,307","4,473",32,"5,372"
671,,Supermarket Together,"1,335,221","208,888","14,831",119,"58,033"
672,,Lost Records: Bloom & Rage,"1,333,443","74,191","22,896",300,"14,334"
673,,Uncharted 4: A Thief's End,"1,327,022","64,228","30,597",42,"9,732"
674,,Resident Evil 3: Nemesis,"1,325,193","45,563","7,959",52,"7,187"
675,,Need for Speed: Most Wanted,"1,324,719","51,644","9,388",24,"10,626"
676,,One Piece Card Game,"1,319,668","47,578","5,078",43,"4,059"
677,,NHL 26,"1,319,522","171,278","20,977",345,"15,428"
678,,The Crew: Motorfest,"1,318,718","200,018","6,446",154,"27,981"
679,,The Midnight Walk,"1,318,172","24,609","45,952",103,"5,645"
680,,Pokémon Legends: Arceus,"1,312,979","90,682","11,167",47,"9,371"
681,,Destiny: Rising,"1,312,766","58,423","58,843",337,"7,418"
682,,EA Sports UFC 5,"1,307,803","250,589","85,281",104,"75,556"
683,,Still Wakes the Deep,"1,303,139","58,657","37,130",80,"19,960"
684,,Dragon Quest I & II HD-2D Remake,"1,301,406","62,995","8,778",216,"2,896"
685,,Outlast II,"1,296,399","99,449","11,671",107,"37,629"
686,,NieR: Automata,"1,288,527","83,817","61,188",39,"9,905"
687,,Sniper Elite: Resistance,"1,288,153","108,114","22,748",552,"24,413"
688,,Tiny Bunny,"1,285,656","34,861","94,033",575,"5,746"
689,,CABAL Online,"1,280,572","106,550","1,975",50,"1,877"
690,,RF Online,"1,278,401","71,070","7,877",60,974
691,,HλLF-LIFE²,"1,276,437","57,790","24,810",59,"11,794"
692,,Jump King,"1,275,844","40,125","26,311",57,"7,042"
693,,Stumble Guys,"1,274,732","136,531","12,708",56,"38,797"
694,,MiniRoyale,"1,268,943","30,348","37,215",236,"9,874"
695,,GTA: La Heist,"1,266,627","1,002,347","1,326",534,"146,651"
696,,JUMP KING QUEST,"1,260,802","5,671","37,418",31,908
697,,He is Coming,"1,257,562","9,342","30,663",35,"2,201"
698,,"Pokémon: Let's Go, Pikachu!","1,256,559","14,798","75,743",15,"2,062"
699,,Bloons TD 6,"1,253,940","102,421","27,556",55,"22,901"
700,,Pokémon Ultra Sun/Ultra Moon,"1,247,102","27,147","26,699",22,"3,069"
701,,Dying Light 2: Stay Human,"1,243,216","254,625","14,510",129,"38,107"
702,,MADiSON,"1,241,382","35,438","19,156",104,"9,302"
703,,Sword of Justice,"1,234,987","52,239","9,152",99,"2,296"
704,,Ravenfall,"1,232,152","128,644","2,390",36,249
705,,Mandragora: Whispers of the Witch Tree,"1,229,111","29,687","50,428",166,"3,111"
706,,Lycans,"1,228,503","8,935","34,424",23,"1,108"
707,,PokéRogue,"1,225,977","46,959","11,632",29,"6,198"
708,,A.I.L.A,"1,224,881","16,163","49,856",120,"3,220"
709,,Alan Wake II,"1,222,583","204,388","51,890",234,"33,064"
710,,Paddle Paddle Paddle,"1,222,413","7,930","39,677",17,"3,511"
711,,Pokémon Sword/Shield,"1,221,096","126,377","47,665",47,"8,328"
712,,Lonely Mountains: Snow Riders,"1,217,374","7,596","59,530",29,"3,855"
713,,Gears 5,"1,213,693","253,532","2,828",117,"25,187"
714,,Pokémon Trading Card Game Live,"1,212,632","59,804","40,455",49,"6,265"
715,,Vampire Survivors,"1,210,685","78,916","29,716",62,"18,801"
716,,Magical Girl Witch Trials,"1,210,297","31,879","12,545",53,"1,550"
717,,MindsEye,"1,201,074","23,199","138,054",700,"5,452"
718,,White Knuckle,"1,198,343","16,578","49,844",32,"4,433"
719,,Dead Island 2,"1,197,519","325,955","3,429",468,"69,536"
720,,Call of Duty: Black Ops 4,"1,196,925","202,945","7,973",79,"22,550"
721,,Quarantine Zone: The Last Check,"1,196,682","20,077","63,944",200,"14,159"
722,,Of Ash and Steel,"1,196,421","19,811","29,789",113,"1,753"
723,,Granny,"1,194,726","19,758","60,299",16,"13,701"
724,,Wizard101,"1,194,546","189,375","4,258",130,"16,490"
725,,Space Station 13,"1,193,398","8,885","13,358",14,263
726,,The Precinct,"1,186,813","32,850","29,005",268,"8,470"
727,,Dale & Dawson Stationery Supplies,"1,184,598","23,604","43,458",53,"7,952"
728,,Call of Duty: Black Ops,"1,184,355","124,715","19,902",43,"13,326"
729,,PUBG: Black Budget,"1,182,460","14,384","61,634",221,"3,661"
730,,Chrono Trigger,"1,181,066","44,119","15,512",31,"3,560"
731,,Disney Lorcana Trading Card Game,"1,180,240","24,593","15,160",44,"1,484"
732,,Batman: Arkham Origins,"1,179,635","30,771","117,634",47,"5,947"
733,,The Last Caretaker,"1,179,580","36,488","25,574",107,"3,442"
734,,Dead Space,"1,179,053","131,961","5,801",66,"29,546"
735,,Assassin's Creed Valhalla,"1,178,023","326,382","14,031",113,"40,455"
736,,No Rest for the Wicked,"1,174,422","32,282","55,571",178,"3,233"
737,,ASTRO BOT,"1,169,610","77,766","66,616",86,"18,017"
738,,Divinity: Original Sin II,"1,168,281","80,365","7,459",70,"6,519"
739,,EA Sports FC 24,"1,164,384","376,572","32,370",148,"97,831"
740,,ICARUS,"1,163,197","143,545","7,658",133,"10,685"
741,,I'm on Observation Duty 8,"1,159,856","6,174","61,033",55,"1,428"
742,,HλLF-LIFE,"1,156,260","45,617","61,574",32,"8,248"
743,,Pogostuck: Rage With Your Friends,"1,154,690","33,941","15,251",19,"1,937"
744,,Metal Gear Solid 4: Guns of the Patriots,"1,140,854","18,277","18,135",16,"1,277"
745,,Anno 1800,"1,140,802","66,853","9,616",43,"5,860"
746,,Maitre des Fleurs,"1,137,651",556,"14,547",7,62
747,,Blade & Soul NEO,"1,127,013","77,703","2,950",65,"1,850"
748,,Exoborne,"1,126,609","14,042","133,125",225,"3,737"
749,,Blood on the Clocktower,"1,124,341","16,624","6,512",27,798
750,,Kerbal Space Program,"1,124,235","36,734","34,710",20,"3,911"
751,,BloodStrike,"1,122,714","174,385","28,021",65,"29,553"
752,,Deep Rock Galactic: Survivor,"1,122,641","44,322","21,830",150,"8,288"
753,,Resident Evil 6,"1,118,725","150,715","11,190",58,"26,903"
754,,Visage,"1,116,688","50,962","76,559",125,"13,605"
755,,Dread Flats,"1,114,871","10,278","69,531",34,"6,382"
756,,Super Mario Sunshine,"1,113,872","49,954","12,403",38,"5,054"
757,,Donkey Kong Country Returns HD,"1,106,178","19,199","55,380",92,"2,539"
758,,UFL,"1,104,776","86,474","4,362",61,"12,204"
759,,Donkey Kong 64,"1,103,844","44,502","7,667",55,"2,244"
760,,Five Hearts Under One Roof,"1,102,354","11,607","34,567",48,"3,860"
761,,IdleOn,"1,101,126","39,934","9,215",29,"1,285"
762,,Heroes of Hammerwatch II,"1,099,394","28,012","18,025",78,"3,707"
763,,UFO 50,"1,098,657","24,052","67,313",24,"2,132"
764,,Counter-Strike: Source,"1,092,911","13,224","46,421",20,"4,180"
765,,Deadly Days: Roadtrip,"1,092,157","9,558","17,529",94,"1,628"
766,,Deep Rock Galactic,"1,090,413","198,242","12,375",75,"34,373"
767,,The Elder Scrolls IV: Oblivion,"1,090,320","67,825","35,420",416,"10,760"
768,,Metroid Prime 4: Beyond,"1,089,243","57,815","22,205",639,"5,299"
769,,EverQuest,"1,086,300","79,153","1,981",43,"1,226"
770,,The Evil Within,"1,085,334","88,780","11,093",50,"17,524"
771,,Solo Leveling: ARISE OVERDRIVE,"1,084,944","41,166","47,893",197,"5,498"
772,,Victoria 3,"1,084,724","25,701","6,414",33,"1,457"
773,,The Lord of the Rings: Return to Moria,"1,082,556","115,849","26,791",121,"12,780"
774,,Stellaris,"1,076,422","73,057","5,929",60,"7,237"
775,,Lords of the Fallen,"1,071,982","115,008","51,149",155,"17,651"
776,,PAYDAY 3,"1,069,251","86,814","4,441",158,"21,692"
777,,FTL: Faster Than Light,"1,064,075","26,131","12,047",17,"2,893"
778,,Identity V,"1,061,914","123,933","10,839",44,"7,728"
779,,Fever Meme,"1,061,599","13,577","32,984",48,"6,060"
780,,The Lord of the Rings Online,"1,059,031","73,595","6,366",40,"2,682"
781,,DREDGE,"1,054,955","90,006","18,037",66,"18,416"
782,,MLB The Show 24,"1,053,567","102,970","4,571",121,"20,817"
783,,Star Wars Jedi: Survivor,"1,049,658","289,886","56,425",186,"51,293"
784,,Cursed Digicam,"1,047,971","9,574","72,329",84,"5,949"
785,,Getting Over It with Bennett Foddy,"1,047,873","24,584","39,329",23,"12,372"
786,,Assassin's Creed Odyssey,"1,047,835","309,167","2,841",105,"34,070"
787,,Silent Hill 2,"1,044,991","134,541","57,962",224,"31,040"
788,,Farlight 84,"1,044,478","140,851","5,579",133,"17,982"
789,,Static Dread: The Lighthouse,"1,042,932","12,069","63,094",37,"2,355"
790,,Mistfall Hunter,"1,037,944","21,553","36,280",109,"3,690"
791,,Nuclear Nightmare,"1,036,788","40,060","45,603",78,"14,541"
792,,Stray,"1,036,212","121,062","27,285",132,"39,506"
793,,BeamNG.drive,"1,034,223","89,297","345,888",39,"22,249"
794,,Twitch Plays,"1,033,353","127,330","9,122",31,"2,142"
795,,Keep Digging,"1,032,538","11,105","57,399",107,"4,372"
796,,Five Hearts Under One Roof 2,"1,026,327","5,338","43,405",27,"1,334"
797,,Space Engineers,"1,024,267","112,437","4,426",45,"6,469"
798,,BLEACH Rebirth of Souls,"1,024,002","103,404","24,171",847,"16,064"
799,,Squad,"1,018,264","127,371","23,565",67,"15,307"
800,,Danganronpa: Trigger Happy Havoc,"1,017,968","33,963","11,065",22,"3,340"
801,,RetroMMO,"1,017,323","99,733","2,311",52,"1,241"
802,,Hell Clock,"1,017,100","13,116","59,823",84,"2,544"
803,,Solo Leveling:ARISE,"1,014,257","77,119","10,599",69,"8,712"
804,,Contraband Police,"1,013,566","26,794","58,510",22,"8,971"
805,,Disco Elysium,"1,012,369","51,697","7,398",27,"7,253"
806,,Fields of Mistria,"1,006,108","91,163","3,413",151,"9,546"
807,,Warface,"1,001,515","104,574","12,315",45,"7,399"
808,,CarX Drift Racing Online,"999,787","225,060","4,524",77,"35,574"
809,,Limbus Company,"995,725","77,695","9,237",100,"5,120"
810,,Resident Evil,"994,323","62,587","6,179",35,"10,214"
811,,Beyond All Reason,"991,590","38,754","6,856",20,"1,491"
812,,Are You Smarter Than a 5th Grader,"990,146","1,697","59,433",8,773
813,,Arknights,"984,179","91,769","8,566",110,"4,883"
814,,Monster Hunter Rise,"984,073","193,177","4,730",165,"22,698"
815,,FINAL FANTASY TACTICS,"983,591","21,153","8,927",38,992
816,,Resident Evil 3,"978,281","106,811","8,152",57,"28,542"
817,,Heavy Rain,"978,073","41,580","14,813",34,"8,280"
818,,Fate/Grand Order,"976,235","57,977","5,609",71,"3,097"
819,,NextWorld2,"975,366","25,517","2,277",44,401
820,,Banjo-Kazooie,"974,872","29,358","50,393",23,"3,757"
821,,DOOM,"972,548","59,487","12,490",48,"10,833"
822,,Battlefield V,"972,351","170,740","23,081",104,"36,955"
823,,Crosswind,"971,043","12,748","24,469",70,"1,272"
824,,SOMA,"969,093","46,029","10,485",51,"7,911"
825,,The Legend of Zelda: Echoes of Wisdom,"968,031","48,545","91,725",46,"4,195"
826,,Sonic The Hedgehog,"962,049","22,459","57,893",17,"3,243"
827,,Microsoft Flight Simulator,"961,765","205,093","45,083",81,"13,439"
828,,The Quinfall,"955,058","42,018","70,627",213,"2,309"
829,,Undisputed,"954,145","175,336","16,248",76,"27,534"
830,,The Elder Scrolls III: Morrowind,"952,387","42,377","5,145",24,"2,998"
831,,Monopoly Plus,"951,134","23,308","51,583",20,"10,530"
832,,Wizardry Variants: Daphne,"949,459","22,716","7,818",34,967
833,,Skull and Bones,"947,990","112,461","8,650",76,"11,662"
834,,Deduce Together,"947,882","4,230","50,541",9,809
835,,Demon's Souls,"946,667","21,050","20,054",19,"2,473"
836,,Counter-Strike Online 2,"946,450","42,548","34,186",28,"12,455"
837,,Puyo Puyo Tetris 2,"944,788","18,092","55,594",20,"2,362"
838,,Poppy Playtime: Chapter 3 - Deep Sleep,"938,942","52,479","45,044",81,"19,959"
839,,Life Is Strange,"935,676","60,280","7,720",28,"14,728"
840,,RISK: The Game of Global Domination,"934,134","30,710","44,464",20,"3,352"
841,,Overcooked! 2,"930,976","89,102","28,372",53,"36,355"
842,,Olympic Games Tokyo 2020: The Official Video Game,"926,832","1,393","41,049",5,441
843,,Inscryption,"924,991","74,460","48,165",45,"16,262"
844,,Make Good Choices,"922,824","6,477","70,141",15,"4,604"
845,,skate.,"921,101","345,518","29,836","1,005","171,653"
846,,Pawafuru Puroyakyu 2024-2025,"920,820","16,969","177,396",21,780
847,,Stream Raiders,"920,817","45,573","1,803",50,717
848,,Q REMASTERED,"919,172","1,887","28,155",4,298
849,,Plants vs. Zombies,"918,968","38,861","40,727",25,"10,192"
850,,Gaggl,"918,077","6,113","54,766",25,559
851,,Fallout 3,"917,866","91,415","3,457",41,"11,109"
852,,NEXTRP,"914,016","9,775","2,513",23,673
853,,Yakuza Kiwami 2,"913,789","8,914","88,773",15,894
854,,Night Crows,"912,087","70,397","4,234",48,901
855,,Shape of Dreams,"911,608","52,415","18,217",106,"7,879"
856,,SpongeBob SquarePants: Battle for Bikini Bottom,"910,793","10,336","74,390",8,"1,185"
857,,WWE 2K24,"906,803","199,298","25,331",193,"34,867"
858,,The Hundred Line -Last Defense Academy-,"906,436","64,561","11,629",88,"2,222"
859,,Metal Gear Rising: Revengeance,"903,285","25,660","30,621",17,"6,175"
860,,World of Tanks Console,"902,017","63,458","1,424",27,"1,180"
861,,Stranded Deep,"897,570","39,282","61,579",27,"12,958"
862,,The Boba Teashop,"897,093","8,298","65,604",18,"6,207"
863,,Crossout,"896,699","84,700","3,712",42,"6,653"
864,,Placid Plastic Duck Simulator,"895,228","66,917","7,457",27,"5,224"
865,,Dwarf Fortress,"892,966","30,606","3,684",19,"1,875"
866,,Ranch Simulator,"892,318","54,960","26,319",73,"9,601"
867,,Conqueror's Blade,"891,789","72,745","4,346",38,"2,441"
868,,Persona 4 Golden,"891,788","86,402","45,970",39,"6,966"
869,,Deadzone: Rogue,"891,336","63,612","23,565",68,"10,751"
870,,Dragon Age: The Veilguard,"887,531","205,923","4,566",194,"22,807"
871,,Absolum,"887,348","22,936","46,215",114,"4,407"
872,,Nubby's Number Factory,"886,024","12,418","30,929",29,"4,490"
873,,Coin Pusher Casino,"885,533","5,371","60,016",33,"1,033"
874,,War Robots: Frontiers,"883,063","84,887","33,873",81,"9,162"
875,,Pokémon Infinite Fusion,"882,945","59,427","4,184",29,"5,917"
876,,Prime World,"881,828","39,270","2,592",21,512
877,,Sky: Children of the Light,"879,869","117,099","2,649",76,"12,472"
878,,Tomodachi Life,"878,075","11,156","90,882",19,"1,581"
879,,METEL,"874,901","3,668","74,363",10,"1,175"
880,,The Witcher 2: Assassins of Kings,"874,528","27,274","13,609",19,"2,678"
881,,Yu-Gi-Oh! Duel Links,"873,351","50,146","2,327",29,"3,857"
882,,Rush Royale,"873,345","47,932","1,667",23,"4,820"
883,,Entropia Universe,"872,201","62,161",768,28,557
884,,Poppy Playtime: Chapter 4,"872,017","17,142","42,074",216,"5,461"
885,,BioShock Remastered,"871,366","53,585","12,452",27,"10,738"
886,,Manor Lords,"868,147","36,526","18,628",33,"6,847"
887,,Planet Zoo,"864,460","56,324","13,733",26,"8,231"
888,,Blood Bowl III,"863,238","29,954","3,629",25,999
889,,The Cabin Factory,"862,966","22,005","30,892",39,"17,232"
890,,Carnival Hunt,"862,328","18,225","20,244",77,"3,238"
891,,King of Meat,"861,340","4,646","50,247",155,"1,194"
892,,Spirit City: Lofi Sessions,"860,798","74,241","2,216",53,"4,558"
893,,Tempest Rising,"858,962","18,763","26,008",104,"2,425"
894,,Agreeee,"858,137","2,679","22,863",28,728
895,,Foundation,"857,683","29,275","14,476",79,"3,399"
896,,Star Wars: Knights of the Old Republic,"857,385","20,393","14,159",23,"2,572"
897,,33 Immortals,"855,005","32,794","32,681",201,"7,628"
898,,Disciples II: Rise of the Elves,"853,398","17,257","1,772",15,283
899,,Skinfreak,"853,104","4,335","65,673",47,"1,183"
900,,Vampire: The Masquerade - Bloodlines,"850,574","28,599","7,641",53,"2,837"
901,,Subnautica: Below Zero,"849,795","71,615","4,148",37,"10,335"
902,,Silent Hill 4: The Room,"849,531","15,668","13,499",13,"1,890"
903,,Arena Breakout,"848,161","84,444","11,404",31,"12,047"
904,,The Witcher,"848,050","30,549","13,962",29,"2,810"
905,,Content Warning,"847,296","96,249","29,719",86,"44,897"
906,,Mortal Online 2,"846,571","33,711","2,197",21,538
907,,DEAD RESET,"845,139","7,234","22,093",33,"2,522"
908,,Monster Rancher 2 DX,"842,316","4,999","34,888",9,415
909,,FINAL FANTASY VIII,"841,685","39,654","6,126",20,"2,071"
910,,"Warhammer 40,000: Rogue Trader","841,191","77,771","4,287",51,"5,014"
911,,Twelve Minutes,"838,405","5,458","69,898",7,"1,518"
912,,AI LIMIT,"827,730","57,862","51,594",186,"6,094"
913,,Amanda the Adventurer 3,"827,657","7,937","64,682",107,"2,190"
914,,Inazuma Eleven,"826,789","7,126","13,068",12,815
915,,Super Mario Galaxy,"825,716","35,148","48,297",104,"5,423"
916,,GONE Fishing,"825,233","12,771","18,632",28,"3,952"
917,,TUNIC,"822,999","35,928","9,575",23,"5,028"
918,,Persona5: The Phantom X,"822,809","65,055","27,527",457,"7,341"
919,,Kartrider,"821,719","4,600","32,289",26,338
920,,Level Devil,"821,539","12,653","50,712",31,"9,295"
921,,LEGO Fortnite: Odyssey,"821,411","60,266","26,498",80,"6,815"
922,,Night Club Simulator,"820,083","6,554","48,133",38,"2,321"
923,,VEIN,"819,834","50,238","8,634",90,"8,030"
924,,Control,"817,109","68,382","36,815",37,"11,414"
925,,School 666,"816,641","6,822","37,923",24,"1,903"
926,,Titanfall 2,"816,051","88,288","49,256",41,"27,388"
927,,Heroes of Might & Magic: Olden Era,"814,412","15,126","14,238",109,"2,499"
928,,SMITE,"813,845","147,027","4,428",103,"13,566"
929,,Green Hell,"813,356","119,948","18,187",90,"21,887"
930,,BioShock Infinite,"811,824","34,310","27,055",23,"6,309"
931,,Beyond: Two Souls,"806,782","56,724","16,598",42,"11,736"
932,,Battlefield 4,"806,030","110,105","28,424",113,"28,360"
933,,Deadside,"804,923","149,228","22,543",175,"16,127"
934,,Driving Is Hard,"804,303","4,809","42,584",18,"1,370"
935,,Pokémon Crystal Version,"800,721","50,974","2,832",22,"2,746"
936,,Backseat Drivers,"799,581","16,578","68,384",38,"12,767"
937,,The Sims,"798,615","14,157","41,688",73,"3,568"
938,,Like a Dragon: Infinite Wealth,"797,931","95,890","3,253",65,"5,373"
939,,Void Crew,"797,002","23,184","46,827",36,"4,048"
940,,Dead Take,"796,707","8,812","25,979",60,"2,216"
941,,GIRLS' FRONTLINE 2: EXILIUM,"794,472","37,914","53,307",65,"3,531"
942,,City Car Driving,"793,473","4,728","79,654",13,"2,278"
943,,Escape Simulator 2,"792,767","19,680","24,507",63,"4,685"
944,,Pokémon White Version,"789,798","7,473","8,228",7,"1,164"
945,,Town to City,"787,399","16,630","17,793",41,"3,595"
946,,Pacific Drive,"787,250","73,142","6,985",106,"15,456"
947,,Pantheon: Rise of the Fallen,"787,115","42,600","3,481",61,"1,379"
948,,Winning Post 10 2025,"787,022","9,806","25,986",22,291
949,,Mario Kart Wii,"785,692","72,524","22,140",40,"5,249"
950,,Zeepkist,"780,104","5,412","34,993",14,279
951,,Inazuma Eleven Go: Galaxy Super Nova,"779,508",171,"82,330",2,28
952,,Need for Speed: Heat,"777,288","260,755","4,831",99,"64,894"
953,,Counter-Strike 1.6,"776,684","74,919","9,777",37,"10,951"
954,,MapleStory N,"775,804","38,901","5,542",62,856
955,,Who Wants To Be A Millionaire,"773,531","2,570","41,370",6,881
956,,Devil May Cry 5,"773,388","105,135","3,302",92,"23,185"
957,,Chivalry 2,"771,353","111,019","21,340",46,"26,829"
958,,Coral Island,"770,092","97,622","3,538",78,"9,229"
959,,Prey,"768,411","41,057","16,311",22,"6,988"
960,,Midnight Murder Club,"767,899","10,501","55,483",36,"5,125"
961,,MISERY,"767,231","20,026","26,715",84,"6,234"
962,,Pic-Me!,"764,885","2,276","58,639",14,950
963,,Star Trek Fleet Command,"762,041","26,183","3,554",15,"3,248"
964,,Doomsday: Last Survivors,"760,477","7,122","12,353",12,"1,500"
965,,Path of Titans,"759,753","209,703","12,034",126,"15,942"
966,,Wrap House Simulator,"759,526","16,959","24,112",44,"7,198"
967,,Darkwood,"756,169","21,077","10,921",26,"4,725"
968,,Timberborn,"754,184","37,393","13,705",32,"3,393"
969,,Super Mario Galaxy 2,"753,276","22,906","9,403",76,"2,588"
970,,Tabletop Simulator,"749,469","46,915","16,571",33,"8,795"
971,,SCP: Secret Laboratory,"748,841","36,606","32,129",40,"9,153"
972,,Company of Heroes 3,"748,263","40,720","5,303",35,"2,134"
973,,Nordhold,"747,220","9,680","14,212",45,"1,400"
974,,Embervale.TV,"747,108","45,453",422,17,210
975,,Firefighting Simulator: Ignite,"746,064","15,784","29,092",124,"3,334"
976,,Pax Dei,"745,801","64,482","4,541",80,"3,017"
977,,Make it Meme,"745,769","9,979","60,521",17,"7,018"
978,,That's Not My Neighbor,"744,316","21,054","67,042",45,"13,162"
979,,Dark Hours,"742,064","47,668","10,863",60,"17,898"
980,,Mu: Dark Epoch,"739,841","46,862","3,284",41,"6,123"
981,,Total Chaos,"739,722","18,108","46,773",114,"6,133"
982,,Vampire: The Masquerade - Bloodhunt,"739,176","72,304","4,273",30,"13,012"
983,,The Last of Us Part I,"737,421","98,401","10,497",92,"20,975"
984,,Escape Simulator,"737,113","30,137","57,784",28,"8,506"
985,,Yakuza: Like a Dragon,"736,345","75,843","7,352",33,"5,809"
986,,Wreckfest,"736,173","51,214","17,987",40,"15,097"
987,,Road to Empress I,"735,495","7,272","18,394",26,"1,509"
988,,Call of Duty: Modern Warfare II,"733,826","122,688","29,636",51,"13,754"
989,,Unpossess,"730,992","8,862","63,853",27,"4,126"
990,,Heroes of Newerth Reborn,"730,655","17,164","6,179",36,831
991,,Tower of Fantasy,"729,488","39,158","10,557",70,"3,597"
992,,DOOM,"728,887","32,379","10,623",29,"9,034"
993,,Caliber,"728,606","36,255","2,324",30,"1,322"
994,,Tony Hawk's Pro Skater 3+4,"726,878","36,010","24,665",293,"10,074"
995,,The Midnight Walkers,"726,509","12,041","35,563",125,"2,281"
996,,DCS World,"726,207","68,644","1,579",45,"3,296"
997,,Guild Wars,"723,703","45,629","10,834",191,"2,171"
998,,Love and Deepspace,"723,329","37,277","3,828",51,"5,204"
999,,Japan Stigmatized Property,"721,259","10,357","70,912",78,"3,401"
1000,,Dollmare,"720,907","19,265","12,968",24,"8,173"
