id,name,box_art_url,igdb_id
509658,Just Chatting,https://static-cdn.jtvnw.net/ttv-boxart/509658-{width}x{height}.jpg,
509672,IRL,https://static-cdn.jtvnw.net/ttv-boxart/509672-{width}x{height}.jpg,
27471,Minecraft,https://static-cdn.jtvnw.net/ttv-boxart/27471_IGDB-{width}x{height}.jpg,135400
1820839024,MECCHA CHAMELEON,https://static-cdn.jtvnw.net/ttv-boxart/1820839024_IGDB-{width}x{height}.jpg,405028
21779,League of Legends,https://static-cdn.jtvnw.net/ttv-boxart/21779-{width}x{height}.jpg,115
32982,Grand Theft Auto V,https://static-cdn.jtvnw.net/ttv-boxart/32982_IGDB-{width}x{height}.jpg,1020
516575,VALORANT,https://static-cdn.jtvnw.net/ttv-boxart/516575-{width}x{height}.jpg,126459
29595,Dota 2,https://static-cdn.jtvnw.net/ttv-boxart/29595-{width}x{height}.jpg,
33214,Fortnite,https://static-cdn.jtvnw.net/ttv-boxart/33214-{width}x{height}.jpg,1905
32399,Counter-Strike,https://static-cdn.jtvnw.net/ttv-boxart/32399-{width}x{height}.jpg,
515025,Overwatch,https://static-cdn.jtvnw.net/ttv-boxart/515025-{width}x{height}.jpg,125174
491487,Dead by Daylight,https://static-cdn.jtvnw.net/ttv-boxart/491487-{width}x{height}.jpg,18866
27546,World of Tanks,https://static-cdn.jtvnw.net/ttv-boxart/27546_IGDB-{width}x{height}.jpg,1184
18122,World of Warcraft,https://static-cdn.jtvnw.net/ttv-boxart/18122-{width}x{height}.jpg,123
491931,Escape from Tarkov,https://static-cdn.jtvnw.net/ttv-boxart/491931_IGDB-{width}x{height}.jpg,15536
460630,Rainbow Six Siege,https://static-cdn.jtvnw.net/ttv-boxart/460630-{width}x{height}.jpg,7360
511224,Apex Legends,https://static-cdn.jtvnw.net/ttv-boxart/511224-{width}x{height}.jpg,114795
965771331,Deltarune,https://static-cdn.jtvnw.net/ttv-boxart/965771331_IGDB-{width}x{height}.jpg,171233
498566,Slots,https://static-cdn.jtvnw.net/ttv-boxart/498566-{width}x{height}.jpg,
1702520304,Path of Exile 2,https://static-cdn.jtvnw.net/ttv-boxart/1702520304_IGDB-{width}x{height}.jpg,125642
512710,Call of Duty: Warzone,https://static-cdn.jtvnw.net/ttv-boxart/512710-{width}x{height}.jpg,131800
1264310518,Marvel Rivals,https://static-cdn.jtvnw.net/ttv-boxart/1264310518_IGDB-{width}x{height}.jpg,294041
960290413,Sand: Raiders Of Sophie,https://static-cdn.jtvnw.net/ttv-boxart/960290413_IGDB-{width}x{height}.jpg,252846
1848745913,Battlefield REDSEC,https://static-cdn.jtvnw.net/ttv-boxart/1848745913_IGDB-{width}x{height}.jpg,371393
29452,Virtual Casino,https://static-cdn.jtvnw.net/ttv-boxart/29452_IGDB-{width}x{height}.jpg,45517
1422023940,QSMP,https://static-cdn.jtvnw.net/ttv-boxart/1422023940-{width}x{height}.jpg,
499973,Always On,https://static-cdn.jtvnw.net/ttv-boxart/499973-{width}x{height}.jpg,
512953,ELDEN RING,https://static-cdn.jtvnw.net/ttv-boxart/512953_IGDB-{width}x{height}.jpg,119133
725224091,Tales Beyond the Tomb: Route 86,https://static-cdn.jtvnw.net/ttv-boxart/725224091_IGDB-{width}x{height}.jpg,362327
464339927,ARC Raiders,https://static-cdn.jtvnw.net/ttv-boxart/464339927-{width}x{height}.jpg,185258
624536948,EA Sports FC 26,https://static-cdn.jtvnw.net/ttv-boxart/624536948_IGDB-{width}x{height}.jpg,353848
493057,PUBG: BATTLEGROUNDS,https://static-cdn.jtvnw.net/ttv-boxart/493057-{width}x{height}.jpg,27789
509660,Art,https://static-cdn.jtvnw.net/ttv-boxart/509660-{width}x{height}.jpg,
499463,Getting Over It with Bennett Foddy,https://static-cdn.jtvnw.net/ttv-boxart/499463_IGDB-{width}x{height}.jpg,72373
1669431183,DJs,https://static-cdn.jtvnw.net/ttv-boxart/1669431183-{width}x{height}.jpg,
513143,Teamfight Tactics,https://static-cdn.jtvnw.net/ttv-boxart/513143-{width}x{height}.jpg,120176
497057,Destiny 2,https://static-cdn.jtvnw.net/ttv-boxart/497057-{width}x{height}.jpg,25657
1081998272,PEAK,https://static-cdn.jtvnw.net/ttv-boxart/1081998272_IGDB-{width}x{height}.jpg,349524
499507,Welcome to the Game II,https://static-cdn.jtvnw.net/ttv-boxart/499507_IGDB-{width}x{height}.jpg,68576
459931,Old School RuneScape,https://static-cdn.jtvnw.net/ttv-boxart/459931_IGDB-{width}x{height}.jpg,79824
138585,Hearthstone,https://static-cdn.jtvnw.net/ttv-boxart/138585-{width}x{height}.jpg,1279
13389,Age of Empires II,https://static-cdn.jtvnw.net/ttv-boxart/13389-{width}x{height}.jpg,
1696794934,Dimhaven: The Lost Source,https://static-cdn.jtvnw.net/ttv-boxart/1696794934_IGDB-{width}x{height}.jpg,253578
743,Chess,https://static-cdn.jtvnw.net/ttv-boxart/743-{width}x{height}.jpg,
509663,Special Events,https://static-cdn.jtvnw.net/ttv-boxart/509663-{width}x{height}.jpg,
401587136,Arena Breakout: Infinite,https://static-cdn.jtvnw.net/ttv-boxart/401587136_IGDB-{width}x{height}.jpg,298915
19619,Tibia,https://static-cdn.jtvnw.net/ttv-boxart/19619_IGDB-{width}x{height}.jpg,9596
30921,Rocket League,https://static-cdn.jtvnw.net/ttv-boxart/30921-{width}x{height}.jpg,11198
65632,DayZ,https://static-cdn.jtvnw.net/ttv-boxart/65632_IGDB-{width}x{height}.jpg,2117
509659,ASMR,https://static-cdn.jtvnw.net/ttv-boxart/509659-{width}x{height}.jpg,
494184,Mobile Legends: Bang Bang,https://static-cdn.jtvnw.net/ttv-boxart/494184_IGDB-{width}x{height}.jpg,79392
27284,Retro,https://static-cdn.jtvnw.net/ttv-boxart/27284-{width}x{height}.jpg,
417528,Albion Online,https://static-cdn.jtvnw.net/ttv-boxart/417528_IGDB-{width}x{height}.jpg,19698
26936,Music,https://static-cdn.jtvnw.net/ttv-boxart/26936-{width}x{height}.jpg,
55453844,Street Fighter 6,https://static-cdn.jtvnw.net/ttv-boxart/55453844_IGDB-{width}x{height}.jpg,191692
71375,Star Citizen,https://static-cdn.jtvnw.net/ttv-boxart/71375_IGDB-{width}x{height}.jpg,1595
23020,ROBLOX,https://static-cdn.jtvnw.net/ttv-boxart/23020_IGDB-{width}x{height}.jpg,17269
417752,Talk Shows & Podcasts,https://static-cdn.jtvnw.net/ttv-boxart/417752-{width}x{height}.jpg,
498807,X4: Foundations,https://static-cdn.jtvnw.net/ttv-boxart/498807_IGDB-{width}x{height}.jpg,55123
1931693784,Pokémon Champions,https://static-cdn.jtvnw.net/ttv-boxart/1931693784_IGDB-{width}x{height}.jpg,333568
2132205352,Deadlock,https://static-cdn.jtvnw.net/ttv-boxart/2132205352_IGDB-{width}x{height}.jpg,301298
2104679469,Sonic Generations,https://static-cdn.jtvnw.net/ttv-boxart/2104679469_IGDB-{width}x{height}.jpg,320894
13332,Pokémon FireRed/LeafGreen,https://static-cdn.jtvnw.net/ttv-boxart/13332-{width}x{height}.jpg,
24241,FINAL FANTASY XIV ONLINE,https://static-cdn.jtvnw.net/ttv-boxart/24241_IGDB-{width}x{height}.jpg,386
2748,Magic: The Gathering,https://static-cdn.jtvnw.net/ttv-boxart/2748-{width}x{height}.jpg,
66082,Games + Demos,https://static-cdn.jtvnw.net/ttv-boxart/66082-{width}x{height}.jpg,
518203,Sports,https://static-cdn.jtvnw.net/ttv-boxart/518203-{width}x{height}.jpg,
1282866981,Delta Force,https://static-cdn.jtvnw.net/ttv-boxart/1282866981_IGDB-{width}x{height}.jpg,262186
1144717324,Gothic 1 Remake,https://static-cdn.jtvnw.net/ttv-boxart/1144717324_IGDB-{width}x{height}.jpg,148227
1930904424,Lucky Tower Ultimate,https://static-cdn.jtvnw.net/ttv-boxart/1930904424_IGDB-{width}x{height}.jpg,165270
500188,Hunt: Showdown 1896,https://static-cdn.jtvnw.net/ttv-boxart/500188_IGDB-{width}x{height}.jpg,7291
394568,RimWorld,https://static-cdn.jtvnw.net/ttv-boxart/394568-{width}x{height}.jpg,9789
493959,Red Dead Redemption II,https://static-cdn.jtvnw.net/ttv-boxart/493959_IGDB-{width}x{height}.jpg,25076
2081287761,The Bridge Curse: Road to Salvation,https://static-cdn.jtvnw.net/ttv-boxart/2081287761_IGDB-{width}x{height}.jpg,193312
498592,I'm Only Sleeping,https://static-cdn.jtvnw.net/ttv-boxart/498592_IGDB-{width}x{height}.jpg,71001
2012789438,Call of Duty: Black Ops 7,https://static-cdn.jtvnw.net/ttv-boxart/2012789438-{width}x{height}.jpg,348220
1435206302,Slay the Spire II,https://static-cdn.jtvnw.net/ttv-boxart/1435206302_IGDB-{width}x{height}.jpg,296831
386821,Black Desert,https://static-cdn.jtvnw.net/ttv-boxart/386821_IGDB-{width}x{height}.jpg,6292
499634,Crypto,https://static-cdn.jtvnw.net/ttv-boxart/499634-{width}x{height}.jpg,76760
5409,Volleyball,https://static-cdn.jtvnw.net/ttv-boxart/5409_IGDB-{width}x{height}.jpg,109446
66170,Warframe,https://static-cdn.jtvnw.net/ttv-boxart/66170_IGDB-{width}x{height}.jpg,2903
272263131,"Animals, Aquariums, and Zoos",https://static-cdn.jtvnw.net/ttv-boxart/272263131-{width}x{height}.jpg,
509667,Food & Drink,https://static-cdn.jtvnw.net/ttv-boxart/509667-{width}x{height}.jpg,
518873,"Warhammer 40,000: Darktide",https://static-cdn.jtvnw.net/ttv-boxart/518873_IGDB-{width}x{height}.jpg,135998
177579460,FELLOWSHIP,https://static-cdn.jtvnw.net/ttv-boxart/177579460_IGDB-{width}x{height}.jpg,330379
513181,Genshin Impact,https://static-cdn.jtvnw.net/ttv-boxart/513181_IGDB-{width}x{height}.jpg,119277
491168,Clash Royale,https://static-cdn.jtvnw.net/ttv-boxart/491168_IGDB-{width}x{height}.jpg,15707
2112738408,NBA 2K26,https://static-cdn.jtvnw.net/ttv-boxart/2112738408_IGDB-{width}x{height}.jpg,353901
21465,osu!,https://static-cdn.jtvnw.net/ttv-boxart/21465_IGDB-{width}x{height}.jpg,3012
1469308723,Software and Game Development,https://static-cdn.jtvnw.net/ttv-boxart/1469308723-{width}x{height}.jpg,
499003,VRChat,https://static-cdn.jtvnw.net/ttv-boxart/499003_IGDB-{width}x{height}.jpg,33615
515881069,Mechabellum,https://static-cdn.jtvnw.net/ttv-boxart/515881069_IGDB-{width}x{height}.jpg,240897
1441208453,Once Human,https://static-cdn.jtvnw.net/ttv-boxart/1441208453_IGDB-{width}x{height}.jpg,204538
1887625367,Scritchy Scratchy,https://static-cdn.jtvnw.net/ttv-boxart/1887625367_IGDB-{width}x{height}.jpg,371567
263490,Rust,https://static-cdn.jtvnw.net/ttv-boxart/263490_IGDB-{width}x{height}.jpg,3277
497497,Brawl Stars,https://static-cdn.jtvnw.net/ttv-boxart/497497_IGDB-{width}x{height}.jpg,55945
1404172484,God Save Birmingham,https://static-cdn.jtvnw.net/ttv-boxart/1404172484_IGDB-{width}x{height}.jpg,314428
687129551,Trackmania,https://static-cdn.jtvnw.net/ttv-boxart/687129551-{width}x{height}.jpg,133807
489767,XCOM 2,https://static-cdn.jtvnw.net/ttv-boxart/489767_IGDB-{width}x{height}.jpg,10919
509511,Marbles on Stream,https://static-cdn.jtvnw.net/ttv-boxart/509511_IGDB-{width}x{height}.jpg,116975
509511,Marbles on Stream,https://static-cdn.jtvnw.net/ttv-boxart/509511_IGDB-{width}x{height}.jpg,116975
771717624,Librarian: Tidy Up the Arcane Library!,https://static-cdn.jtvnw.net/ttv-boxart/771717624_IGDB-{width}x{height}.jpg,393398
490771,Battle Brothers,https://static-cdn.jtvnw.net/ttv-boxart/490771_IGDB-{width}x{height}.jpg,14394
66366,War Thunder,https://static-cdn.jtvnw.net/ttv-boxart/66366_IGDB-{width}x{height}.jpg,2165
17828,The Legend of Zelda: Twilight Princess,https://static-cdn.jtvnw.net/ttv-boxart/17828_IGDB-{width}x{height}.jpg,1036
12839,Heroes of Might and Magic III: The Restoration of Erathia,https://static-cdn.jtvnw.net/ttv-boxart/12839_IGDB-{width}x{height}.jpg,364
460951,Geometry Dash,https://static-cdn.jtvnw.net/ttv-boxart/460951_IGDB-{width}x{height}.jpg,11642
229772247,007 First Light,https://static-cdn.jtvnw.net/ttv-boxart/229772247_IGDB-{width}x{height}.jpg,141114
1426873999,Heroes of Might & Magic: Olden Era,https://static-cdn.jtvnw.net/ttv-boxart/1426873999_IGDB-{width}x{height}.jpg,314543
488190,Poker,https://static-cdn.jtvnw.net/ttv-boxart/488190-{width}x{height}.jpg,
1901865180,NTE: Neverness to Everness,https://static-cdn.jtvnw.net/ttv-boxart/1901865180_IGDB-{width}x{height}.jpg,308535
168648543,Battlefield 6,https://static-cdn.jtvnw.net/ttv-boxart/168648543_IGDB-{width}x{height}.jpg,317407
1967084783,Marvel's Spider-Man 2,https://static-cdn.jtvnw.net/ttv-boxart/1967084783_IGDB-{width}x{height}.jpg,127044
19976,MapleStory,https://static-cdn.jtvnw.net/ttv-boxart/19976_IGDB-{width}x{height}.jpg,9804
1743359147,MARVEL SNAP,https://static-cdn.jtvnw.net/ttv-boxart/1743359147_IGDB-{width}x{height}.jpg,202279
134405,Yo-kai Watch,https://static-cdn.jtvnw.net/ttv-boxart/134405_IGDB-{width}x{height}.jpg,11197
1765783729,MOLE,https://static-cdn.jtvnw.net/ttv-boxart/1765783729_IGDB-{width}x{height}.jpg,378189
1599346425,Co-working & Studying,https://static-cdn.jtvnw.net/ttv-boxart/1599346425-{width}x{height}.jpg,
20596,Dofus,https://static-cdn.jtvnw.net/ttv-boxart/20596_IGDB-{width}x{height}.jpg,18337
19357,Guild Wars 2,https://static-cdn.jtvnw.net/ttv-boxart/19357_IGDB-{width}x{height}.jpg,1183
353213838,Wardens of Avalon,https://static-cdn.jtvnw.net/ttv-boxart/353213838_IGDB-{width}x{height}.jpg,405146
518184,Phasmophobia,https://static-cdn.jtvnw.net/ttv-boxart/518184_IGDB-{width}x{height}.jpg,132516
32502,World of Warships,https://static-cdn.jtvnw.net/ttv-boxart/32502_IGDB-{width}x{height}.jpg,5587
12924,Warcraft III,https://static-cdn.jtvnw.net/ttv-boxart/12924-{width}x{height}.jpg,
209738946,Wuthering Waves,https://static-cdn.jtvnw.net/ttv-boxart/209738946_IGDB-{width}x{height}.jpg,202956
1494,Call of Duty,https://static-cdn.jtvnw.net/ttv-boxart/1494_IGDB-{width}x{height}.jpg,621
490948,The Isle,https://static-cdn.jtvnw.net/ttv-boxart/490948_IGDB-{width}x{height}.jpg,25838
2005329090,Jinro Metropolis,https://static-cdn.jtvnw.net/ttv-boxart/2005329090_IGDB-{width}x{height}.jpg,325996
516588,Rise Online,https://static-cdn.jtvnw.net/ttv-boxart/516588_IGDB-{width}x{height}.jpg,133581
293693714,Resident Evil 2,https://static-cdn.jtvnw.net/ttv-boxart/293693714_IGDB-{width}x{height}.jpg,19686
1458157556,Hard Truck 2: King of the Road,https://static-cdn.jtvnw.net/ttv-boxart/1458157556-{width}x{height}.jpg,36987
510389,Shakes and Fidget,https://static-cdn.jtvnw.net/ttv-boxart/510389_IGDB-{width}x{height}.jpg,18090
31339,Project Zomboid,https://static-cdn.jtvnw.net/ttv-boxart/31339_IGDB-{width}x{height}.jpg,3189
510590,Hades,https://static-cdn.jtvnw.net/ttv-boxart/510590_IGDB-{width}x{height}.jpg,113112
19554,iRacing,https://static-cdn.jtvnw.net/ttv-boxart/19554_IGDB-{width}x{height}.jpg,8204
1887788993,Stronghold 4,https://static-cdn.jtvnw.net/ttv-boxart/1887788993_IGDB-{width}x{height}.jpg,405145
515024,Diablo IV,https://static-cdn.jtvnw.net/ttv-boxart/515024-{width}x{height}.jpg,125165
1938435210,God of War III: Remastered,https://static-cdn.jtvnw.net/ttv-boxart/1938435210_IGDB-{width}x{height}.jpg,19959
1428314242,Tanks Blitz,https://static-cdn.jtvnw.net/ttv-boxart/1428314242_IGDB-{width}x{height}.jpg,352188
490100,Lost Ark,https://static-cdn.jtvnw.net/ttv-boxart/490100-{width}x{height}.jpg,26128
1966055328,Fears to Fathom - Scratch Creek,https://static-cdn.jtvnw.net/ttv-boxart/1966055328_IGDB-{width}x{height}.jpg,348971
1433665303,Two Point Museum,https://static-cdn.jtvnw.net/ttv-boxart/1433665303_IGDB-{width}x{height}.jpg,313595
511295,Predecessor,https://static-cdn.jtvnw.net/ttv-boxart/511295_IGDB-{width}x{height}.jpg,115078
11557,The Legend of Zelda: Ocarina of Time,https://static-cdn.jtvnw.net/ttv-boxart/11557_IGDB-{width}x{height}.jpg,1029
262437666,Farming Simulator 25,https://static-cdn.jtvnw.net/ttv-boxart/262437666_IGDB-{width}x{height}.jpg,306822
65654,The Elder Scrolls Online,https://static-cdn.jtvnw.net/ttv-boxart/65654_IGDB-{width}x{height}.jpg,1081
2094865572,SMITE 2,https://static-cdn.jtvnw.net/ttv-boxart/2094865572-{width}x{height}.jpg,282566
159898062,EMPULSE,https://static-cdn.jtvnw.net/ttv-boxart/159898062_IGDB-{width}x{height}.jpg,402471
1294658629,R.E.P.O.,https://static-cdn.jtvnw.net/ttv-boxart/1294658629_IGDB-{width}x{height}.jpg,332780
505884,PUBG MOBILE,https://static-cdn.jtvnw.net/ttv-boxart/505884-{width}x{height}.jpg,95340
329951934,Pokémon Community Game,https://static-cdn.jtvnw.net/ttv-boxart/329951934_IGDB-{width}x{height}.jpg,182241
93798731,F1 25,https://static-cdn.jtvnw.net/ttv-boxart/93798731_IGDB-{width}x{height}.jpg,336964
369418,GeoGuessr,https://static-cdn.jtvnw.net/ttv-boxart/369418_IGDB-{width}x{height}.jpg,63350
1045514981,SUBSUMED,https://static-cdn.jtvnw.net/ttv-boxart/1045514981_IGDB-{width}x{height}.jpg,382496
375403621,Pokémon Trading Card Game Pocket,https://static-cdn.jtvnw.net/ttv-boxart/375403621_IGDB-{width}x{height}.jpg,288324
490422,StarCraft II,https://static-cdn.jtvnw.net/ttv-boxart/490422-{width}x{height}.jpg,
1028198402,Dead Space,https://static-cdn.jtvnw.net/ttv-boxart/1028198402_IGDB-{width}x{height}.jpg,159119
515474,NARAKA: BLADEPOINT,https://static-cdn.jtvnw.net/ttv-boxart/515474_IGDB-{width}x{height}.jpg,127352
11854,Crash Bandicoot: Warped,https://static-cdn.jtvnw.net/ttv-boxart/11854_IGDB-{width}x{height}.jpg,1187
29056,Knight Online,https://static-cdn.jtvnw.net/ttv-boxart/29056_IGDB-{width}x{height}.jpg,19795
1286077738,Monster Hunter Wilds,https://static-cdn.jtvnw.net/ttv-boxart/1286077738_IGDB-{width}x{height}.jpg,279661
8489,Chrono Trigger,https://static-cdn.jtvnw.net/ttv-boxart/8489_IGDB-{width}x{height}.jpg,1802
735904419,ARK: Survival Ascended,https://static-cdn.jtvnw.net/ttv-boxart/735904419_IGDB-{width}x{height}.jpg,250509
1189321824,Powerful Pro Yakyuu 2026-2027,https://static-cdn.jtvnw.net/ttv-boxart/1189321824_IGDB-{width}x{height}.jpg,388457
271304,7 Days to Die,https://static-cdn.jtvnw.net/ttv-boxart/271304_IGDB-{width}x{height}.jpg,5574
538054672,TEKKEN 8,https://static-cdn.jtvnw.net/ttv-boxart/538054672_IGDB-{width}x{height}.jpg,217590
490292,DARK SOULS III,https://static-cdn.jtvnw.net/ttv-boxart/490292_IGDB-{width}x{height}.jpg,11133
461221,MARVEL Contest of Champions,https://static-cdn.jtvnw.net/ttv-boxart/461221_IGDB-{width}x{height}.jpg,28107
456845141,Zenless Zone Zero,https://static-cdn.jtvnw.net/ttv-boxart/456845141_IGDB-{width}x{height}.jpg,200551
1393304883,Mir Tankov,https://static-cdn.jtvnw.net/ttv-boxart/1393304883_IGDB-{width}x{height}.jpg,252168
518018,PRAGMATA,https://static-cdn.jtvnw.net/ttv-boxart/518018_IGDB-{width}x{height}.jpg,134612
512034,Stellar Blade,https://static-cdn.jtvnw.net/ttv-boxart/512034_IGDB-{width}x{height}.jpg,117170
9618,Pokémon Trading Card Game,https://static-cdn.jtvnw.net/ttv-boxart/9618_IGDB-{width}x{height}.jpg,4567
29307,Path of Exile,https://static-cdn.jtvnw.net/ttv-boxart/29307_IGDB-{width}x{height}.jpg,1911
116747788,"Pools, Hot Tubs, and Beaches",https://static-cdn.jtvnw.net/ttv-boxart/116747788-{width}x{height}.jpg,
1142325589,Goblin Company,https://static-cdn.jtvnw.net/ttv-boxart/1142325589_IGDB-{width}x{height}.jpg,386855
666563290,Revenge Of The Colon,https://static-cdn.jtvnw.net/ttv-boxart/666563290_IGDB-{width}x{height}.jpg,279005
65876,Cyberpunk 2077,https://static-cdn.jtvnw.net/ttv-boxart/65876-{width}x{height}.jpg,1877
509673,Makers & Crafting,https://static-cdn.jtvnw.net/ttv-boxart/509673-{width}x{height}.jpg,
1910103699,THE FINALS,https://static-cdn.jtvnw.net/ttv-boxart/1910103699-{width}x{height}.jpg,214417
1515862749,Disney Dreamlight Valley,https://static-cdn.jtvnw.net/ttv-boxart/1515862749_IGDB-{width}x{height}.jpg,198506
509147,Super Bunny Man,https://static-cdn.jtvnw.net/ttv-boxart/509147_IGDB-{width}x{height}.jpg,55472
767052518,TBH: Task Bar Hero,https://static-cdn.jtvnw.net/ttv-boxart/767052518_IGDB-{width}x{height}.jpg,372510
19801,Throne and Liberty,https://static-cdn.jtvnw.net/ttv-boxart/19801_IGDB-{width}x{height}.jpg,117294
1050003477,The Elder Scrolls V: Skyrim - Special Edition,https://static-cdn.jtvnw.net/ttv-boxart/1050003477_IGDB-{width}x{height}.jpg,19457
506456,Satisfactory,https://static-cdn.jtvnw.net/ttv-boxart/506456_IGDB-{width}x{height}.jpg,90558
407314011,Marathon,https://static-cdn.jtvnw.net/ttv-boxart/407314011_IGDB-{width}x{height}.jpg,250630
30028,The Elder Scrolls V: Skyrim,https://static-cdn.jtvnw.net/ttv-boxart/30028_IGDB-{width}x{height}.jpg,472
418016,The Long Dark,https://static-cdn.jtvnw.net/ttv-boxart/418016_IGDB-{width}x{height}.jpg,8347
344035090,Kingdom Come: Deliverance II,https://static-cdn.jtvnw.net/ttv-boxart/344035090_IGDB-{width}x{height}.jpg,298526
431065997,FINAL FANTASY VII REMAKE,https://static-cdn.jtvnw.net/ttv-boxart/431065997_IGDB-{width}x{height}.jpg,11169
512923,Baldur's Gate 3,https://static-cdn.jtvnw.net/ttv-boxart/512923_IGDB-{width}x{height}.jpg,119171
497388,A Way Out,https://static-cdn.jtvnw.net/ttv-boxart/497388_IGDB-{width}x{height}.jpg,36897
951160620,GOALS,https://static-cdn.jtvnw.net/ttv-boxart/951160620_IGDB-{width}x{height}.jpg,289602
669337588,Microsoft Flight Simulator 2024,https://static-cdn.jtvnw.net/ttv-boxart/669337588_IGDB-{width}x{height}.jpg,252830
1832641890,MLB The Show 26,https://static-cdn.jtvnw.net/ttv-boxart/1832641890_IGDB-{width}x{height}.jpg,387374
771448419,Aion 2,https://static-cdn.jtvnw.net/ttv-boxart/771448419_IGDB-{width}x{height}.jpg,117297
272952894,Madden NFL 26,https://static-cdn.jtvnw.net/ttv-boxart/272952894_IGDB-{width}x{height}.jpg,342382
498482,Age of Empires IV,https://static-cdn.jtvnw.net/ttv-boxart/498482_IGDB-{width}x{height}.jpg,55029
1317752045,Almost Out,https://static-cdn.jtvnw.net/ttv-boxart/1317752045_IGDB-{width}x{height}.jpg,407668
1317687223,FIFA Heroes,https://static-cdn.jtvnw.net/ttv-boxart/1317687223-{width}x{height}.jpg,371210
490377,Sea of Thieves,https://static-cdn.jtvnw.net/ttv-boxart/490377-{width}x{height}.jpg,11137
36799602,Clair Obscur: Expedition 33,https://static-cdn.jtvnw.net/ttv-boxart/36799602_IGDB-{width}x{height}.jpg,305152
1099705332,Tomodachi Life: Living the Dream,https://static-cdn.jtvnw.net/ttv-boxart/1099705332_IGDB-{width}x{height}.jpg,337036
1657993903,Mina the Hollower,https://static-cdn.jtvnw.net/ttv-boxart/1657993903_IGDB-{width}x{height}.jpg,189781
490744,Stardew Valley,https://static-cdn.jtvnw.net/ttv-boxart/490744_IGDB-{width}x{height}.jpg,17000
982348888,ELDEN RING NIGHTREIGN,https://static-cdn.jtvnw.net/ttv-boxart/982348888_IGDB-{width}x{height}.jpg,325591
13263,EVE Online,https://static-cdn.jtvnw.net/ttv-boxart/13263-{width}x{height}.jpg,2584
130942,Factorio,https://static-cdn.jtvnw.net/ttv-boxart/130942_IGDB-{width}x{height}.jpg,7046
508455,Valheim,https://static-cdn.jtvnw.net/ttv-boxart/508455_IGDB-{width}x{height}.jpg,104967
1475553728,The Adventures of Elliot: The Millennium Tales,https://static-cdn.jtvnw.net/ttv-boxart/1475553728_IGDB-{width}x{height}.jpg,358534
6521,Grand Theft Auto: San Andreas,https://static-cdn.jtvnw.net/ttv-boxart/6521_IGDB-{width}x{height}.jpg,732
1763263,nanos world,https://static-cdn.jtvnw.net/ttv-boxart/1763263_IGDB-{width}x{height}.jpg,152927
767133634,World of Tanks: HEAT,https://static-cdn.jtvnw.net/ttv-boxart/767133634_IGDB-{width}x{height}.jpg,361890
2060730947,Le Mans Ultimate,https://static-cdn.jtvnw.net/ttv-boxart/2060730947_IGDB-{width}x{height}.jpg,253412
369252,The Sims 4,https://static-cdn.jtvnw.net/ttv-boxart/369252_IGDB-{width}x{height}.jpg,3212
31336,Metin2,https://static-cdn.jtvnw.net/ttv-boxart/31336_IGDB-{width}x{height}.jpg,3119
2009321156,Dark and Darker,https://static-cdn.jtvnw.net/ttv-boxart/2009321156_IGDB-{width}x{height}.jpg,207266
513501,Standoff 2,https://static-cdn.jtvnw.net/ttv-boxart/513501_IGDB-{width}x{height}.jpg,126055
518762,Paralives,https://static-cdn.jtvnw.net/ttv-boxart/518762_IGDB-{width}x{height}.jpg,126547
515214,Politics,https://static-cdn.jtvnw.net/ttv-boxart/515214-{width}x{height}.jpg,
1362102608,REMATCH,https://static-cdn.jtvnw.net/ttv-boxart/1362102608_IGDB-{width}x{height}.jpg,325588
1496435078,Casino Simulator 2024,https://static-cdn.jtvnw.net/ttv-boxart/1496435078_IGDB-{width}x{height}.jpg,300450
1820378900,Resident Evil 4,https://static-cdn.jtvnw.net/ttv-boxart/1820378900_IGDB-{width}x{height}.jpg,132181
1122982998,Dark Souls: Remastered,https://static-cdn.jtvnw.net/ttv-boxart/1122982998_IGDB-{width}x{height}.jpg,81085
1397606945,Indiana Jones and the Great Circle,https://static-cdn.jtvnw.net/ttv-boxart/1397606945_IGDB-{width}x{height}.jpg,142415
20050,Perfect World,https://static-cdn.jtvnw.net/ttv-boxart/20050_IGDB-{width}x{height}.jpg,8747
1470211036,Dave the Diver,https://static-cdn.jtvnw.net/ttv-boxart/1470211036_IGDB-{width}x{height}.jpg,203722
1391915212,The Great Ace Attorney Chronicles,https://static-cdn.jtvnw.net/ttv-boxart/1391915212-{width}x{height}.jpg,
1131336879,Black Russia,https://static-cdn.jtvnw.net/ttv-boxart/1131336879_IGDB-{width}x{height}.jpg,318679
32959,Heroes of the Storm,https://static-cdn.jtvnw.net/ttv-boxart/32959_IGDB-{width}x{height}.jpg,7313
213930085,Honkai: Star Rail,https://static-cdn.jtvnw.net/ttv-boxart/213930085_IGDB-{width}x{height}.jpg,178282
504463,Tom Clancy's The Division 2,https://static-cdn.jtvnw.net/ttv-boxart/504463_IGDB-{width}x{height}.jpg,90099
2124007713,PICO PARK 2,https://static-cdn.jtvnw.net/ttv-boxart/2124007713_IGDB-{width}x{height}.jpg,314933
1630982727,Where Winds Meet,https://static-cdn.jtvnw.net/ttv-boxart/1630982727_IGDB-{width}x{height}.jpg,214414
18526,The Elder Scrolls IV: Oblivion,https://static-cdn.jtvnw.net/ttv-boxart/18526_IGDB-{width}x{height}.jpg,59
1222194375,ICARUS,https://static-cdn.jtvnw.net/ttv-boxart/1222194375_IGDB-{width}x{height}.jpg,134813
1597660489,RESIDENT EVIL: requiem,https://static-cdn.jtvnw.net/ttv-boxart/1597660489_IGDB-{width}x{height}.jpg,347668
357593073,SpaceCraft,https://static-cdn.jtvnw.net/ttv-boxart/357593073_IGDB-{width}x{height}.jpg,324574
2147269874,Elders K.O.,https://static-cdn.jtvnw.net/ttv-boxart/2147269874_IGDB-{width}x{height}.jpg,398379
10609,Pokémon Emerald Version,https://static-cdn.jtvnw.net/ttv-boxart/10609_IGDB-{width}x{height}.jpg,1517
492934,RESIDENT EVIL 7 biohazard,https://static-cdn.jtvnw.net/ttv-boxart/492934_IGDB-{width}x{height}.jpg,19562
95030974,Underchoice,https://static-cdn.jtvnw.net/ttv-boxart/95030974_IGDB-{width}x{height}.jpg,386844
1119642287,Yu-Gi-Oh! Master Duel,https://static-cdn.jtvnw.net/ttv-boxart/1119642287_IGDB-{width}x{height}.jpg,159298
1158884259,Splatoon 3,https://static-cdn.jtvnw.net/ttv-boxart/1158884259_IGDB-{width}x{height}.jpg,143613
115977,The Witcher 3: Wild Hunt,https://static-cdn.jtvnw.net/ttv-boxart/115977_IGDB-{width}x{height}.jpg,1942
982017546,Palia,https://static-cdn.jtvnw.net/ttv-boxart/982017546_IGDB-{width}x{height}.jpg,151467
7595,Super Metroid,https://static-cdn.jtvnw.net/ttv-boxart/7595_IGDB-{width}x{height}.jpg,1103
1709404023,RF Online Next,https://static-cdn.jtvnw.net/ttv-boxart/1709404023_IGDB-{width}x{height}.jpg,401458
459676,Batman: Arkham Knight,https://static-cdn.jtvnw.net/ttv-boxart/459676_IGDB-{width}x{height}.jpg,5503
509538,Animal Crossing: New Horizons,https://static-cdn.jtvnw.net/ttv-boxart/509538_IGDB-{width}x{height}.jpg,109462
1329153872,Pokémon Pokopia,https://static-cdn.jtvnw.net/ttv-boxart/1329153872_IGDB-{width}x{height}.jpg,366893
653624336,Lies of P,https://static-cdn.jtvnw.net/ttv-boxart/653624336_IGDB-{width}x{height}.jpg,148241
502829,R2 Online: Reign of Revolution,https://static-cdn.jtvnw.net/ttv-boxart/502829_IGDB-{width}x{height}.jpg,91269
460316,Brawlhalla,https://static-cdn.jtvnw.net/ttv-boxart/460316_IGDB-{width}x{height}.jpg,10233
1229,Super Mario World,https://static-cdn.jtvnw.net/ttv-boxart/1229_IGDB-{width}x{height}.jpg,1070
1414860634,The Binding of Isaac: Repentance,https://static-cdn.jtvnw.net/ttv-boxart/1414860634_IGDB-{width}x{height}.jpg,228374
643774725,33 Immortals,https://static-cdn.jtvnw.net/ttv-boxart/643774725_IGDB-{width}x{height}.jpg,252828
515349,Lineage II,https://static-cdn.jtvnw.net/ttv-boxart/515349_IGDB-{width}x{height}.jpg,2971
512971,Chivalry 2,https://static-cdn.jtvnw.net/ttv-boxart/512971_IGDB-{width}x{height}.jpg,119342
346078625,Blood on the Clocktower,https://static-cdn.jtvnw.net/ttv-boxart/346078625_IGDB-{width}x{height}.jpg,256090
497304,Russian Fishing 4,https://static-cdn.jtvnw.net/ttv-boxart/497304_IGDB-{width}x{height}.jpg,56012
606416341,Eldarya,https://static-cdn.jtvnw.net/ttv-boxart/606416341_IGDB-{width}x{height}.jpg,46949
6369,God of War,https://static-cdn.jtvnw.net/ttv-boxart/6369_IGDB-{width}x{height}.jpg,19560
1261845181,Tour de France 2026,https://static-cdn.jtvnw.net/ttv-boxart/1261845181_IGDB-{width}x{height}.jpg,396261
31376,Terraria,https://static-cdn.jtvnw.net/ttv-boxart/31376_IGDB-{width}x{height}.jpg,1879
331373906,eFootball,https://static-cdn.jtvnw.net/ttv-boxart/331373906_IGDB-{width}x{height}.jpg,159096
443120295,Fun Park Simulator,https://static-cdn.jtvnw.net/ttv-boxart/443120295_IGDB-{width}x{height}.jpg,394165
1133341572,The First Berserker: Khazan,https://static-cdn.jtvnw.net/ttv-boxart/1133341572_IGDB-{width}x{height}.jpg,279643
460619,Ori and the Blind Forest,https://static-cdn.jtvnw.net/ttv-boxart/460619_IGDB-{width}x{height}.jpg,7344
1947375016,Windrose,https://static-cdn.jtvnw.net/ttv-boxart/1947375016_IGDB-{width}x{height}.jpg,380441
511391,Hollow Knight: Silksong,https://static-cdn.jtvnw.net/ttv-boxart/511391_IGDB-{width}x{height}.jpg,115289
2014795392,Infinity Nikki,https://static-cdn.jtvnw.net/ttv-boxart/2014795392_IGDB-{width}x{height}.jpg,228349
245266135,EA Sports UFC 6,https://static-cdn.jtvnw.net/ttv-boxart/245266135_IGDB-{width}x{height}.jpg,400095
8478471,"What Have You Done, Father?",https://static-cdn.jtvnw.net/ttv-boxart/8478471_IGDB-{width}x{height}.jpg,266452
723826053,Subnautica 2,https://static-cdn.jtvnw.net/ttv-boxart/723826053_IGDB-{width}x{height}.jpg,320140
1448964995,ARKNIGHTS: ENDFIELD,https://static-cdn.jtvnw.net/ttv-boxart/1448964995_IGDB-{width}x{height}.jpg,194558
506415, SEKIRO: SHADOWS DIE TWICE,https://static-cdn.jtvnw.net/ttv-boxart/506415_IGDB-{width}x{height}.jpg,76882
497480,Detroit: Become Human,https://static-cdn.jtvnw.net/ttv-boxart/497480_IGDB-{width}x{height}.jpg,14362
512980,Fall Guys,https://static-cdn.jtvnw.net/ttv-boxart/512980-{width}x{height}.jpg,119313
979918349,Expedition: Into Darkness,https://static-cdn.jtvnw.net/ttv-boxart/979918349_IGDB-{width}x{height}.jpg,324300
2099548241,"Mazebound: Hunt, Gather, Run!",https://static-cdn.jtvnw.net/ttv-boxart/2099548241_IGDB-{width}x{height}.jpg,368415
68351,Mount & Blade II: Bannerlord,https://static-cdn.jtvnw.net/ttv-boxart/68351_IGDB-{width}x{height}.jpg,9608
1397210469,Miniatures & Models,https://static-cdn.jtvnw.net/ttv-boxart/1397210469-{width}x{height}.jpg,
766571430,HELLDIVERS 2,https://static-cdn.jtvnw.net/ttv-boxart/766571430_IGDB-{width}x{height}.jpg,250616
490147,Hollow Knight,https://static-cdn.jtvnw.net/ttv-boxart/490147_IGDB-{width}x{height}.jpg,14593
506246,Fallout 76,https://static-cdn.jtvnw.net/ttv-boxart/506246-{width}x{height}.jpg,103020
493551,Conan Exiles,https://static-cdn.jtvnw.net/ttv-boxart/493551_IGDB-{width}x{height}.jpg,16999
1447325110,The Texas Chain Saw Massacre,https://static-cdn.jtvnw.net/ttv-boxart/1447325110_IGDB-{width}x{height}.jpg,185238
2133072147,Mir Korabley,https://static-cdn.jtvnw.net/ttv-boxart/2133072147_IGDB-{width}x{height}.jpg,243611
1313351584,Football Manager 26,https://static-cdn.jtvnw.net/ttv-boxart/1313351584_IGDB-{width}x{height}.jpg,365487
75467,Euro Truck Simulator 2,https://static-cdn.jtvnw.net/ttv-boxart/75467-{width}x{height}.jpg,
670867987,Pokémon Scarlet/Violet,https://static-cdn.jtvnw.net/ttv-boxart/670867987-{width}x{height}.jpg,
514858,League of Legends: Wild Rift,https://static-cdn.jtvnw.net/ttv-boxart/514858-{width}x{height}.jpg,124700
488634,Don't Starve Together,https://static-cdn.jtvnw.net/ttv-boxart/488634_IGDB-{width}x{height}.jpg,17832
1132676248,Moldwasher,https://static-cdn.jtvnw.net/ttv-boxart/1132676248_IGDB-{width}x{height}.jpg,342738
9178,Halo 3,https://static-cdn.jtvnw.net/ttv-boxart/9178_IGDB-{width}x{height}.jpg,987
509549,Pummel Party,https://static-cdn.jtvnw.net/ttv-boxart/509549_IGDB-{width}x{height}.jpg,105322
483277575,PokéRogue,https://static-cdn.jtvnw.net/ttv-boxart/483277575_IGDB-{width}x{height}.jpg,295252
494436328,The Bazaar,https://static-cdn.jtvnw.net/ttv-boxart/494436328_IGDB-{width}x{height}.jpg,144274
516866,Stalzone,https://static-cdn.jtvnw.net/ttv-boxart/516866_IGDB-{width}x{height}.jpg,133748
2059463486,Waterpark Simulator,https://static-cdn.jtvnw.net/ttv-boxart/2059463486_IGDB-{width}x{height}.jpg,348648
2066107586,Escape the Backrooms,https://static-cdn.jtvnw.net/ttv-boxart/2066107586_IGDB-{width}x{height}.jpg,197202
1535225577,The Last of Us Part II Remastered,https://static-cdn.jtvnw.net/ttv-boxart/1535225577_IGDB-{width}x{height}.jpg,277143
11988,FINAL FANTASY VII,https://static-cdn.jtvnw.net/ttv-boxart/11988_IGDB-{width}x{height}.jpg,427
551919008,EA Sports College Football 26,https://static-cdn.jtvnw.net/ttv-boxart/551919008_IGDB-{width}x{height}.jpg,329146
488922836,Solarpunk,https://static-cdn.jtvnw.net/ttv-boxart/488922836_IGDB-{width}x{height}.jpg,194950
1788326126,Diablo II: Resurrected,https://static-cdn.jtvnw.net/ttv-boxart/1788326126-{width}x{height}.jpg,142803
505705,Noita,https://static-cdn.jtvnw.net/ttv-boxart/505705_IGDB-{width}x{height}.jpg,52006
490655,Pokémon GO,https://static-cdn.jtvnw.net/ttv-boxart/490655_IGDB-{width}x{height}.jpg,12515
1487402441,Farever,https://static-cdn.jtvnw.net/ttv-boxart/1487402441_IGDB-{width}x{height}.jpg,348295
278888515,Gartic Phone,https://static-cdn.jtvnw.net/ttv-boxart/278888515_IGDB-{width}x{height}.jpg,140781
904864974,Mortal Kombat 1,https://static-cdn.jtvnw.net/ttv-boxart/904864974_IGDB-{width}x{height}.jpg,239392
102007682,God of War Ragnarök,https://static-cdn.jtvnw.net/ttv-boxart/102007682_IGDB-{width}x{height}.jpg,112875
509664,Tabletop RPGs,https://static-cdn.jtvnw.net/ttv-boxart/509664-{width}x{height}.jpg,
494099,Kingdom Hearts HD 1.5 + 2.5 ReMIX,https://static-cdn.jtvnw.net/ttv-boxart/494099-{width}x{height}.jpg,
199665106,Hassle Online,https://static-cdn.jtvnw.net/ttv-boxart/199665106_IGDB-{width}x{height}.jpg,208166
589680527,Star Fox,https://static-cdn.jtvnw.net/ttv-boxart/589680527_IGDB-{width}x{height}.jpg,400709
417969,Halo: The Master Chief Collection,https://static-cdn.jtvnw.net/ttv-boxart/417969-{width}x{height}.jpg,
494806,Metaphor: ReFantazio,https://static-cdn.jtvnw.net/ttv-boxart/494806_IGDB-{width}x{height}.jpg,26602
510056,Epic Seven,https://static-cdn.jtvnw.net/ttv-boxart/510056_IGDB-{width}x{height}.jpg,112191
1757868477,Dragon Quest I & II HD-2D Remake,https://static-cdn.jtvnw.net/ttv-boxart/1757868477_IGDB-{width}x{height}.jpg,306144
1036710512,Palworld,https://static-cdn.jtvnw.net/ttv-boxart/1036710512_IGDB-{width}x{height}.jpg,151665
1982936547,Pokémon,https://static-cdn.jtvnw.net/ttv-boxart/1982936547_IGDB-{width}x{height}.jpg,266836
223869970,"Warhammer 40,000: Space Marine II",https://static-cdn.jtvnw.net/ttv-boxart/223869970_IGDB-{width}x{height}.jpg,185252
1064893715,Resident Evil 3,https://static-cdn.jtvnw.net/ttv-boxart/1064893715_IGDB-{width}x{height}.jpg,115115
451007760,My Hero Ultra Rumble,https://static-cdn.jtvnw.net/ttv-boxart/451007760_IGDB-{width}x{height}.jpg,213639
1308902712,Road to Empress I,https://static-cdn.jtvnw.net/ttv-boxart/1308902712_IGDB-{width}x{height}.jpg,351103
2121806469,S.T.A.L.K.E.R. G.A.M.M.A.,https://static-cdn.jtvnw.net/ttv-boxart/2121806469_IGDB-{width}x{height}.jpg,227211
489170,DARK SOULS II: Scholar of the First Sin,https://static-cdn.jtvnw.net/ttv-boxart/489170_IGDB-{width}x{height}.jpg,8222
1785154038,Rune Factory 4 Special,https://static-cdn.jtvnw.net/ttv-boxart/1785154038_IGDB-{width}x{height}.jpg,115278
32742,Kerbal Space Program,https://static-cdn.jtvnw.net/ttv-boxart/32742_IGDB-{width}x{height}.jpg,3102
517528,LABYRINTHINE,https://static-cdn.jtvnw.net/ttv-boxart/517528_IGDB-{width}x{height}.jpg,133409
1786996772,NEO TITAN,https://static-cdn.jtvnw.net/ttv-boxart/1786996772_IGDB-{width}x{height}.jpg,399362
494683,theHunter: Call of the Wild,https://static-cdn.jtvnw.net/ttv-boxart/494683_IGDB-{width}x{height}.jpg,26381
510218,Among Us,https://static-cdn.jtvnw.net/ttv-boxart/510218_IGDB-{width}x{height}.jpg,111469
504461,Super Smash Bros. Ultimate,https://static-cdn.jtvnw.net/ttv-boxart/504461_IGDB-{width}x{height}.jpg,90101
43579844,Lego & Brickbuilding,https://static-cdn.jtvnw.net/ttv-boxart/43579844-{width}x{height}.jpg,
495811,SCUM,https://static-cdn.jtvnw.net/ttv-boxart/495811_IGDB-{width}x{height}.jpg,31712
26424,Professor Layton and the Miracle Mask,https://static-cdn.jtvnw.net/ttv-boxart/26424_IGDB-{width}x{height}.jpg,1401
1669470662,EverQuest Legends,https://static-cdn.jtvnw.net/ttv-boxart/1669470662_IGDB-{width}x{height}.jpg,395827
509577,Dungeons & Dragons,https://static-cdn.jtvnw.net/ttv-boxart/509577-{width}x{height}.jpg,
493815,Oxygen Not Included,https://static-cdn.jtvnw.net/ttv-boxart/493815_IGDB-{width}x{height}.jpg,19542
460090,Subnautica,https://static-cdn.jtvnw.net/ttv-boxart/460090_IGDB-{width}x{height}.jpg,9254
428,Space Ace,https://static-cdn.jtvnw.net/ttv-boxart/428_IGDB-{width}x{height}.jpg,5454
509670,Science & Technology,https://static-cdn.jtvnw.net/ttv-boxart/509670-{width}x{height}.jpg,
1398657661,Anime Squad,https://static-cdn.jtvnw.net/ttv-boxart/1398657661_IGDB-{width}x{height}.jpg,159518
18846,Garry's Mod,https://static-cdn.jtvnw.net/ttv-boxart/18846_IGDB-{width}x{height}.jpg,3278
506462,Control,https://static-cdn.jtvnw.net/ttv-boxart/506462_IGDB-{width}x{height}.jpg,103329
1408630947,Witchspire,https://static-cdn.jtvnw.net/ttv-boxart/1408630947_IGDB-{width}x{height}.jpg,362094
511399,Super Mario Maker 2,https://static-cdn.jtvnw.net/ttv-boxart/511399_IGDB-{width}x{height}.jpg,115276
1173887206,"Warhammer 40,000: Rogue Trader",https://static-cdn.jtvnw.net/ttv-boxart/1173887206_IGDB-{width}x{height}.jpg,203259
458619,Middle-earth: Shadow of Mordor,https://static-cdn.jtvnw.net/ttv-boxart/458619_IGDB-{width}x{height}.jpg,3025
898940229,AstroScaper,https://static-cdn.jtvnw.net/ttv-boxart/898940229_IGDB-{width}x{height}.jpg,337774
1869211376,Pokémon Añil,https://static-cdn.jtvnw.net/ttv-boxart/1869211376_IGDB-{width}x{height}.jpg,241776
369590,Super Mario 3D World,https://static-cdn.jtvnw.net/ttv-boxart/369590_IGDB-{width}x{height}.jpg,2180
1102949822,FINAL FANTASY VII REBIRTH,https://static-cdn.jtvnw.net/ttv-boxart/1102949822_IGDB-{width}x{height}.jpg,133236
1780647523,HITMAN World of Assassination,https://static-cdn.jtvnw.net/ttv-boxart/1780647523_IGDB-{width}x{height}.jpg,233571
33175,South Park: The Stick of Truth,https://static-cdn.jtvnw.net/ttv-boxart/33175_IGDB-{width}x{height}.jpg,1262
11026,Wolverine: Adamantium Rage,https://static-cdn.jtvnw.net/ttv-boxart/11026_IGDB-{width}x{height}.jpg,46250
1468190144,Aion,https://static-cdn.jtvnw.net/ttv-boxart/1468190144_IGDB-{width}x{height}.jpg,563
514888,Crusader Kings III,https://static-cdn.jtvnw.net/ttv-boxart/514888_IGDB-{width}x{height}.jpg,124954
489401,Call of Duty: Black Ops III,https://static-cdn.jtvnw.net/ttv-boxart/489401_IGDB-{width}x{height}.jpg,9509
1438034030,goblinAmerica,https://static-cdn.jtvnw.net/ttv-boxart/1438034030_IGDB-{width}x{height}.jpg,271228
1095275650,Hogwarts Legacy,https://static-cdn.jtvnw.net/ttv-boxart/1095275650_IGDB-{width}x{height}.jpg,136625
1420,HλLF-LIFE²,https://static-cdn.jtvnw.net/ttv-boxart/1420_IGDB-{width}x{height}.jpg,233
515186,Crimson Desert,https://static-cdn.jtvnw.net/ttv-boxart/515186_IGDB-{width}x{height}.jpg,125633
1517377137,RV There Yet?,https://static-cdn.jtvnw.net/ttv-boxart/1517377137_IGDB-{width}x{height}.jpg,373580
1654,Gothic II,https://static-cdn.jtvnw.net/ttv-boxart/1654_IGDB-{width}x{height}.jpg,2262
676313093,WWE 2K26,https://static-cdn.jtvnw.net/ttv-boxart/676313093_IGDB-{width}x{height}.jpg,387782
340920845,Backpack Battles,https://static-cdn.jtvnw.net/ttv-boxart/340920845_IGDB-{width}x{height}.jpg,253659
459064,Cuphead,https://static-cdn.jtvnw.net/ttv-boxart/459064_IGDB-{width}x{height}.jpg,9061
1987896617,Dune: Awakening,https://static-cdn.jtvnw.net/ttv-boxart/1987896617_IGDB-{width}x{height}.jpg,214394
418410192,One Piece Card Game,https://static-cdn.jtvnw.net/ttv-boxart/418410192-{width}x{height}.jpg,
1826300051,Mario Kart World,https://static-cdn.jtvnw.net/ttv-boxart/1826300051_IGDB-{width}x{height}.jpg,338067
490959,Zwift,https://static-cdn.jtvnw.net/ttv-boxart/490959_IGDB-{width}x{height}.jpg,300513
489335,Outer Wilds,https://static-cdn.jtvnw.net/ttv-boxart/489335_IGDB-{width}x{height}.jpg,11737
737987407,Enshrouded,https://static-cdn.jtvnw.net/ttv-boxart/737987407_IGDB-{width}x{height}.jpg,248643
15229,Ragnarok Online,https://static-cdn.jtvnw.net/ttv-boxart/15229_IGDB-{width}x{height}.jpg,318
960705568,Assassin's Creed Shadows,https://static-cdn.jtvnw.net/ttv-boxart/960705568_IGDB-{width}x{height}.jpg,300976
2099590881,Out of the Park Baseball 27,https://static-cdn.jtvnw.net/ttv-boxart/2099590881_IGDB-{width}x{height}.jpg,387240
21934,Star Wars: The Old Republic,https://static-cdn.jtvnw.net/ttv-boxart/21934_IGDB-{width}x{height}.jpg,114
76929895,The Seven Deadly Sins: Origin,https://static-cdn.jtvnw.net/ttv-boxart/76929895_IGDB-{width}x{height}.jpg,194143
506416,Halo Infinite,https://static-cdn.jtvnw.net/ttv-boxart/506416-{width}x{height}.jpg,103281
762292943,MIMESIS,https://static-cdn.jtvnw.net/ttv-boxart/762292943_IGDB-{width}x{height}.jpg,343183
511864,Persona 5 Royal,https://static-cdn.jtvnw.net/ttv-boxart/511864_IGDB-{width}x{height}.jpg,114283
497467,Monster Hunter: World,https://static-cdn.jtvnw.net/ttv-boxart/497467_IGDB-{width}x{height}.jpg,36926
107194810,Phoenix Wright: Ace Attorney Trilogy,https://static-cdn.jtvnw.net/ttv-boxart/107194810_IGDB-{width}x{height}.jpg,21610
499856,Ghost of Tsushima,https://static-cdn.jtvnw.net/ttv-boxart/499856_IGDB-{width}x{height}.jpg,75235
516173984,Cult of the Lamb,https://static-cdn.jtvnw.net/ttv-boxart/516173984_IGDB-{width}x{height}.jpg,165351
2021334265,Project Motor Racing,https://static-cdn.jtvnw.net/ttv-boxart/2021334265_IGDB-{width}x{height}.jpg,342092
504549837,Frog Sqwad,https://static-cdn.jtvnw.net/ttv-boxart/504549837_IGDB-{width}x{height}.jpg,381087
2104758320,The First Descendant,https://static-cdn.jtvnw.net/ttv-boxart/2104758320_IGDB-{width}x{height}.jpg,208476
489111,Summoners War: Sky Arena,https://static-cdn.jtvnw.net/ttv-boxart/489111_IGDB-{width}x{height}.jpg,23622
1846512643,Borderlands 4,https://static-cdn.jtvnw.net/ttv-boxart/1846512643_IGDB-{width}x{height}.jpg,314246
1804231074,MapleStory Worlds,https://static-cdn.jtvnw.net/ttv-boxart/1804231074_IGDB-{width}x{height}.jpg,215955
1083036494,Assetto Corsa EVO,https://static-cdn.jtvnw.net/ttv-boxart/1083036494_IGDB-{width}x{height}.jpg,266155
733916086,Tape To Tape,https://static-cdn.jtvnw.net/ttv-boxart/733916086_IGDB-{width}x{height}.jpg,190280
2083,RuneScape,https://static-cdn.jtvnw.net/ttv-boxart/2083_IGDB-{width}x{height}.jpg,5611
458443,Alien: Isolation,https://static-cdn.jtvnw.net/ttv-boxart/458443_IGDB-{width}x{height}.jpg,4754
801541637,DRAGON BALL GEKISHIN SQUADRA,https://static-cdn.jtvnw.net/ttv-boxart/801541637_IGDB-{width}x{height}.jpg,314178
772157971,Writing & Reading,https://static-cdn.jtvnw.net/ttv-boxart/772157971-{width}x{height}.jpg,
5360,Resident Evil,https://static-cdn.jtvnw.net/ttv-boxart/5360_IGDB-{width}x{height}.jpg,424
1568081763,Mass Effect Legendary Edition,https://static-cdn.jtvnw.net/ttv-boxart/1568081763-{width}x{height}.jpg,
489635,ARK: Survival Evolved,https://static-cdn.jtvnw.net/ttv-boxart/489635-{width}x{height}.jpg,10239
516086,Grounded,https://static-cdn.jtvnw.net/ttv-boxart/516086_IGDB-{width}x{height}.jpg,125624
30720,The Wolf Among Us,https://static-cdn.jtvnw.net/ttv-boxart/30720_IGDB-{width}x{height}.jpg,2993
512864,Eternal Return,https://static-cdn.jtvnw.net/ttv-boxart/512864_IGDB-{width}x{height}.jpg,135842
14333696,Goose Goose Duck,https://static-cdn.jtvnw.net/ttv-boxart/14333696_IGDB-{width}x{height}.jpg,144442
493997,Super Mario Odyssey,https://static-cdn.jtvnw.net/ttv-boxart/493997_IGDB-{width}x{height}.jpg,26758
2013539540,Blue Prince,https://static-cdn.jtvnw.net/ttv-boxart/2013539540_IGDB-{width}x{height}.jpg,149657
2124871354,RuneScape: Dragonwilds,https://static-cdn.jtvnw.net/ttv-boxart/2124871354_IGDB-{width}x{height}.jpg,337712
547501449,Frostpunk 2,https://static-cdn.jtvnw.net/ttv-boxart/547501449_IGDB-{width}x{height}.jpg,164290
12686,Monster Hunter Freedom,https://static-cdn.jtvnw.net/ttv-boxart/12686_IGDB-{width}x{height}.jpg,2269
478407715,Arma Reforger,https://static-cdn.jtvnw.net/ttv-boxart/478407715_IGDB-{width}x{height}.jpg,201789
966704637,MIR 4,https://static-cdn.jtvnw.net/ttv-boxart/966704637_IGDB-{width}x{height}.jpg,162235
490382,For Honor,https://static-cdn.jtvnw.net/ttv-boxart/490382-{width}x{height}.jpg,11162
9435,The Legend of Zelda: A Link to the Past,https://static-cdn.jtvnw.net/ttv-boxart/9435_IGDB-{width}x{height}.jpg,1026
778386489,The Last of Us Part I,https://static-cdn.jtvnw.net/ttv-boxart/778386489_IGDB-{width}x{height}.jpg,204350
1913410799,Total War: WARHAMMER III,https://static-cdn.jtvnw.net/ttv-boxart/1913410799_IGDB-{width}x{height}.jpg,143114
1937599489,The Quarry,https://static-cdn.jtvnw.net/ttv-boxart/1937599489_IGDB-{width}x{height}.jpg,194404
1448308190,PGA TOUR 2K25,https://static-cdn.jtvnw.net/ttv-boxart/1448308190_IGDB-{width}x{height}.jpg,328079
98473926,Megabonk,https://static-cdn.jtvnw.net/ttv-boxart/98473926_IGDB-{width}x{height}.jpg,327405
997367275,Pokémon Legends: Z-A,https://static-cdn.jtvnw.net/ttv-boxart/997367275_IGDB-{width}x{height}.jpg,288327
1359747563,Mythic Love: Iberian Legends,https://static-cdn.jtvnw.net/ttv-boxart/1359747563_IGDB-{width}x{height}.jpg,386288
518014,Gran Turismo 7,https://static-cdn.jtvnw.net/ttv-boxart/518014_IGDB-{width}x{height}.jpg,101006
8645,Resident Evil 2,https://static-cdn.jtvnw.net/ttv-boxart/8645_IGDB-{width}x{height}.jpg,880
1306936545,NEXTRP,https://static-cdn.jtvnw.net/ttv-boxart/1306936545_IGDB-{width}x{height}.jpg,333819
515066,SnowRunner,https://static-cdn.jtvnw.net/ttv-boxart/515066-{width}x{height}.jpg,107215
458781,No Man's Sky,https://static-cdn.jtvnw.net/ttv-boxart/458781_IGDB-{width}x{height}.jpg,3225
508948,Raid: Shadow Legends,https://static-cdn.jtvnw.net/ttv-boxart/508948_IGDB-{width}x{height}.jpg,109029
745589378,Balatro,https://static-cdn.jtvnw.net/ttv-boxart/745589378_IGDB-{width}x{height}.jpg,251833
10708,Ape Escape 2,https://static-cdn.jtvnw.net/ttv-boxart/10708_IGDB-{width}x{height}.jpg,6063
1813168901,LEGO Batman: Legacy of the Dark Knight,https://static-cdn.jtvnw.net/ttv-boxart/1813168901_IGDB-{width}x{height}.jpg,361855
518144,The Outlast Trials,https://static-cdn.jtvnw.net/ttv-boxart/518144_IGDB-{width}x{height}.jpg,127165
1818022966,Pro Cycling Manager 26,https://static-cdn.jtvnw.net/ttv-boxart/1818022966_IGDB-{width}x{height}.jpg,396260
512989,Spiritfarer,https://static-cdn.jtvnw.net/ttv-boxart/512989_IGDB-{width}x{height}.jpg,119304
542560980,Until Dawn,https://static-cdn.jtvnw.net/ttv-boxart/542560980_IGDB-{width}x{height}.jpg,284721
504735,Shadow of the Tomb Raider,https://static-cdn.jtvnw.net/ttv-boxart/504735_IGDB-{width}x{height}.jpg,37777
73586,Outlast,https://static-cdn.jtvnw.net/ttv-boxart/73586_IGDB-{width}x{height}.jpg,1910
406350467,Deer & Boy,https://static-cdn.jtvnw.net/ttv-boxart/406350467_IGDB-{width}x{height}.jpg,202138
2128139746,The Quinfall,https://static-cdn.jtvnw.net/ttv-boxart/2128139746_IGDB-{width}x{height}.jpg,238564
515619,Pathfinder: Wrath of the Righteous,https://static-cdn.jtvnw.net/ttv-boxart/515619_IGDB-{width}x{height}.jpg,127254
18707,Grand Theft Auto IV,https://static-cdn.jtvnw.net/ttv-boxart/18707_IGDB-{width}x{height}.jpg,731
1330093788,Voices of the Void,https://static-cdn.jtvnw.net/ttv-boxart/1330093788_IGDB-{width}x{height}.jpg,224415
458353,Darkest Dungeon,https://static-cdn.jtvnw.net/ttv-boxart/458353_IGDB-{width}x{height}.jpg,8965
2692,Super Mario 64,https://static-cdn.jtvnw.net/ttv-boxart/2692_IGDB-{width}x{height}.jpg,1074
493217,Gwent: The Witcher Card Game,https://static-cdn.jtvnw.net/ttv-boxart/493217_IGDB-{width}x{height}.jpg,19474
460651,Star Fox Zero,https://static-cdn.jtvnw.net/ttv-boxart/460651_IGDB-{width}x{height}.jpg,11196
1844320959,The Mound: Omen of Cthulhu,https://static-cdn.jtvnw.net/ttv-boxart/1844320959_IGDB-{width}x{height}.jpg,334673
498417,Vintage Story,https://static-cdn.jtvnw.net/ttv-boxart/498417_IGDB-{width}x{height}.jpg,69547
506407,Gears 5,https://static-cdn.jtvnw.net/ttv-boxart/506407_IGDB-{width}x{height}.jpg,103292
10322,FINAL FANTASY X,https://static-cdn.jtvnw.net/ttv-boxart/10322_IGDB-{width}x{height}.jpg,418
518379,Pokémon UNITE,https://static-cdn.jtvnw.net/ttv-boxart/518379_IGDB-{width}x{height}.jpg,135381
1274531553,The Dark Pictures Anthology: House of Ashes,https://static-cdn.jtvnw.net/ttv-boxart/1274531553_IGDB-{width}x{height}.jpg,140617
518017,Resident Evil Village,https://static-cdn.jtvnw.net/ttv-boxart/518017_IGDB-{width}x{height}.jpg,55163
1509529923,Burglin' Gnomes,https://static-cdn.jtvnw.net/ttv-boxart/1509529923_IGDB-{width}x{height}.jpg,383882
391475,Space Engineers,https://static-cdn.jtvnw.net/ttv-boxart/391475_IGDB-{width}x{height}.jpg,3239
275186889,BALL x PIT,https://static-cdn.jtvnw.net/ttv-boxart/275186889_IGDB-{width}x{height}.jpg,346035
10229,FINAL FANTASY XI ONLINE,https://static-cdn.jtvnw.net/ttv-boxart/10229_IGDB-{width}x{height}.jpg,411
492535,Celeste,https://static-cdn.jtvnw.net/ttv-boxart/492535_IGDB-{width}x{height}.jpg,26226
14660,Diddy Kong Racing,https://static-cdn.jtvnw.net/ttv-boxart/14660_IGDB-{width}x{height}.jpg,2723
2085980140,Lethal Company,https://static-cdn.jtvnw.net/ttv-boxart/2085980140_IGDB-{width}x{height}.jpg,212089
250649084,Silent Hill 2,https://static-cdn.jtvnw.net/ttv-boxart/250649084_IGDB-{width}x{height}.jpg,222341
1464410789,Tanggle,https://static-cdn.jtvnw.net/ttv-boxart/1464410789_IGDB-{width}x{height}.jpg,280489
18703,God of War III,https://static-cdn.jtvnw.net/ttv-boxart/18703_IGDB-{width}x{height}.jpg,499
962571700,Stocks,https://static-cdn.jtvnw.net/ttv-boxart/962571700_IGDB-{width}x{height}.jpg,364990
110758,The Legend of Zelda: Breath of the Wild,https://static-cdn.jtvnw.net/ttv-boxart/110758_IGDB-{width}x{height}.jpg,7346
504651,MARVEL Strike Force,https://static-cdn.jtvnw.net/ttv-boxart/504651_IGDB-{width}x{height}.jpg,76164
489776,Fallout 4,https://static-cdn.jtvnw.net/ttv-boxart/489776_IGDB-{width}x{height}.jpg,9630
1089655891,PERSONA3 RELOAD,https://static-cdn.jtvnw.net/ttv-boxart/1089655891_IGDB-{width}x{height}.jpg,252647
460636,Bloodborne,https://static-cdn.jtvnw.net/ttv-boxart/460636_IGDB-{width}x{height}.jpg,7334
515479,Sons of the Forest,https://static-cdn.jtvnw.net/ttv-boxart/515479_IGDB-{width}x{height}.jpg,127346
11282,FINAL FANTASY VIII,https://static-cdn.jtvnw.net/ttv-boxart/11282_IGDB-{width}x{height}.jpg,425
1143686580,Gamble With Your Friends,https://static-cdn.jtvnw.net/ttv-boxart/1143686580_IGDB-{width}x{height}.jpg,361027
12482,The Legend of Zelda: Majora's Mask,https://static-cdn.jtvnw.net/ttv-boxart/12482_IGDB-{width}x{height}.jpg,1030
807698152,Thief Gold,https://static-cdn.jtvnw.net/ttv-boxart/807698152_IGDB-{width}x{height}.jpg,9227
1515015750,Strinova,https://static-cdn.jtvnw.net/ttv-boxart/1515015750_IGDB-{width}x{height}.jpg,260136
29143,Catherine,https://static-cdn.jtvnw.net/ttv-boxart/29143_IGDB-{width}x{height}.jpg,2151
511009,Space Haven,https://static-cdn.jtvnw.net/ttv-boxart/511009_IGDB-{width}x{height}.jpg,103246
493081,Granblue Fantasy: Relink,https://static-cdn.jtvnw.net/ttv-boxart/493081_IGDB-{width}x{height}.jpg,22788
519291,Black Myth: Wukong,https://static-cdn.jtvnw.net/ttv-boxart/519291_IGDB-{width}x{height}.jpg,136879
24239,Super Mario Galaxy 2,https://static-cdn.jtvnw.net/ttv-boxart/24239_IGDB-{width}x{height}.jpg,1078
457975278,PokeMMO,https://static-cdn.jtvnw.net/ttv-boxart/457975278_IGDB-{width}x{height}.jpg,127976
511701,Ready or Not,https://static-cdn.jtvnw.net/ttv-boxart/511701_IGDB-{width}x{height}.jpg,28489
19490,Quake Live,https://static-cdn.jtvnw.net/ttv-boxart/19490_IGDB-{width}x{height}.jpg,6578
27103,Sid Meier's Civilization V,https://static-cdn.jtvnw.net/ttv-boxart/27103_IGDB-{width}x{height}.jpg,866
920052797,Thank You For Your Application,https://static-cdn.jtvnw.net/ttv-boxart/920052797_IGDB-{width}x{height}.jpg,312791
488910,American Truck Simulator,https://static-cdn.jtvnw.net/ttv-boxart/488910_IGDB-{width}x{height}.jpg,9667
496902,Slay the Spire,https://static-cdn.jtvnw.net/ttv-boxart/496902_IGDB-{width}x{height}.jpg,40477
376500771,Hades II,https://static-cdn.jtvnw.net/ttv-boxart/376500771_IGDB-{width}x{height}.jpg,228525
518764,Kukoro: Stream Chat Games,https://static-cdn.jtvnw.net/ttv-boxart/518764_IGDB-{width}x{height}.jpg,137372
2090279789,FINAL FANTASY XVI,https://static-cdn.jtvnw.net/ttv-boxart/2090279789_IGDB-{width}x{height}.jpg,31551
1337444628,Call of Duty: Modern Warfare III,https://static-cdn.jtvnw.net/ttv-boxart/1337444628-{width}x{height}.jpg,260780
520083701,RISK: The Game of Global Domination,https://static-cdn.jtvnw.net/ttv-boxart/520083701_IGDB-{width}x{height}.jpg,146155
1370778725,Blasphemous II,https://static-cdn.jtvnw.net/ttv-boxart/1370778725_IGDB-{width}x{height}.jpg,165390
24438,MU Online,https://static-cdn.jtvnw.net/ttv-boxart/24438_IGDB-{width}x{height}.jpg,26359
1174942814,Broken Arrow,https://static-cdn.jtvnw.net/ttv-boxart/1174942814_IGDB-{width}x{height}.jpg,147187
717368416,Flick Shot Rogues,https://static-cdn.jtvnw.net/ttv-boxart/717368416_IGDB-{width}x{height}.jpg,250762
687499288,Assetto Corsa Rally,https://static-cdn.jtvnw.net/ttv-boxart/687499288_IGDB-{width}x{height}.jpg,374104
